result,table,bandwidth,core_usage,device_type,exec_time,get_image_duration,inference_duration,on_gpu,image_quality,mem_util,model_compression,model_load_time,name,num_hops,throughput,acc
,0,30,4500,APC,0.024405124459947858,0.0022702154432024274,0.016660985571997508,false,20,263.3845028571429,60,0.026595490319388255,model_60,1,9.303773130019229,45.18
,0,30,4500,APC,0.024674885851996287,0.010991683483123781,0.007579628774097988,true,20,2867.3117622857144,60,3.7865685394832065,model_60,1,8.897046278374738,45.18
,0,15,4500,APC,0.024698035682950703,0.002294477530888149,0.01680307480267116,false,20,252.4329691428571,60,0.023898022515433177,model_60,1,8.93290392417355,45.18
,0,30,4500,APC,0.024729903153010775,0.006745594467435564,0.011364457811628068,true,20,2870.458075428571,0,3.9188830171312605,model_0,1,8.683704768697309,65.896
,0,15,4500,APC,0.024981304883956907,0.011541580166135516,0.007504044600895473,true,20,2865.3035520000003,60,3.8791941915239607,model_60,1,8.588068436777784,45.18
,0,15,4500,APC,0.025207174539566037,0.007172556059701102,0.011303489787237985,true,20,2867.0367451428574,0,4.149085555757795,model_0,1,8.371069877264773,65.896
,0,30,4500,APC,0.02574737310409546,0.003972307840983073,0.016740598201751708,false,20,198.27780266666664,40,0.02577527364095052,model_40,2,7.302102787384718,49.748
,0,30,4500,APC,0.025841872692108154,0.003529742343085153,0.01677823836462838,false,40,249.37208685714288,60,0.02331035477774484,model_60,1,12.963710111270554,49.144
,0,10,4500,APC,0.025935985428946363,0.0039148239067622595,0.016542510202952793,false,20,206.34243657142858,60,0.02453742708478655,model_60,1,7.77455600737585,45.18
,0,30,4500,APC,0.025982481854302544,0.012600516046796528,0.0073470413344247,true,40,2861.2426605714286,60,3.8384049960545132,model_60,1,12.416554026278533,49.144
,0,30,4500,APC,0.026225684472492763,0.008286278792790005,0.011415371145520893,true,40,2858.8886308571427,0,3.542017936706543,model_0,1,12.225633527876086,69.332
,0,15,4500,APC,0.02636387658119202,0.005613103548685709,0.015821836630503336,false,20,179.761152,40,0.023366848627726238,model_40,2,6.899452469826656,49.748
,0,15,4500,APC,0.026985033273696897,0.005044606958116803,0.01651908768926348,false,40,207.200256,60,0.024870361600603377,model_60,1,11.260532958825603,49.144
,0,30,4500,APC,0.02701765636035374,0.004466536930629185,0.017072289841515677,false,60,226.47837257142857,60,0.025918279375348772,model_60,1,15.885588323514302,50.11
,0,10,4500,APC,0.027137266601834974,0.013839673859732492,0.007389739853995186,true,20,2863.791542857143,60,3.6959273474557057,model_60,1,7.461067826481765,45.18
,0,30,4000,APC,0.027301216874803812,0.007904253925595964,0.011934708186558314,true,20,2869.2193279999997,10,3.650240216936384,model_10,1,8.421846142504515,63.254
,0,10,4500,APC,0.027326491560254778,0.009784201962607248,0.011107104812349592,true,20,2863.9495314285714,0,3.8054753031049455,model_0,1,7.288540378300502,65.896
,0,30,4500,APC,0.027376704295476274,0.014110404253005982,0.007569274346033733,true,20,2862.071808,40,3.9942568143208823,model_40,2,6.948341171532211,49.748
,0,30,4500,APC,0.02760713648796082,0.014896847588675363,0.006902335166931153,true,60,2859.831296,60,3.7614711693355014,model_60,1,15.188947429258619,50.11
,0,30,4500,APC,0.027632882912953696,0.007148917039235433,0.01548323933283488,false,40,173.31541333333334,40,0.025505781173706055,model_40,2,9.983705431940729,53.616
,0,15,4000,APC,0.0279839118208204,0.008294452190399171,0.012043457405907768,true,20,2865.815552,10,3.877464090074812,model_10,1,8.004676460269545,63.254
,0,30,4000,APC,0.02806163922945658,0.003387619177500407,0.019157060146331787,false,20,215.24753066666668,50,0.025046348571777344,model_50,2,6.920388145188775,46.716
,0,30,4500,APC,0.02810404780932835,0.01050656124523708,0.011127239295414515,true,60,2865.470902857143,0,3.790219783782959,model_0,1,14.721627853929059,70.602
,0,30,4500,APC,0.028202664534250892,0.012374840259552003,0.01002032772699992,true,20,2852.5540693333332,0,3.6272507508595786,model_0,2,6.755545986089246,65.896
,0,15,4500,APC,0.028217805624008174,0.014666212763105119,0.00751610711642674,true,40,2859.9781668571427,60,3.7859860147748674,model_60,1,10.831373208964669,49.144
,0,15,4500,APC,0.028274852275848385,0.010964539698192053,0.010974114520209176,true,40,2855.2449462857144,0,3.812171254839216,model_0,1,10.713022061401814,69.332
,0,15,4500,APC,0.028586747646331786,0.013265649318695068,0.009600805838902791,true,20,2862.466389333333,0,3.4377020994822183,model_0,2,6.69331909579179,65.896
,0,30,4500,APC,0.028658565078462876,0.006078490121023996,0.0170240604196276,false,100,221.37534171428572,60,0.07197277886526925,model_60,1,18.697069366737853,50.92
,0,15,4500,APC,0.028805760065714517,0.015933019161224367,0.007354707400004069,true,20,2855.880021333333,40,3.5488945643107095,model_40,2,6.598217776418597,49.748
,0,15,4000,APC,0.028919623136520384,0.004664572159449259,0.01878809380531311,false,20,196.01954133333334,50,0.023999452590942383,model_50,2,6.5817003245919885,46.716
,0,30,4500,APC,0.02907340081532796,0.007980539242426555,0.01612869087855021,false,60,178.855936,40,0.02518741289774577,model_40,2,12.595835222968029,54.562
,0,30,4500,APC,0.02913509662946065,0.013978710492451986,0.009631627003351849,true,40,2852.226389333333,0,3.39817221959432,model_0,2,9.764642848143168,69.332
,0,30,4500,APC,0.029206732273101804,0.016662118752797443,0.007146169900894166,true,40,2855.400789333333,40,3.6218148867289224,model_40,2,9.816179988512948,53.616
,0,30,4000,APC,0.029435079097747802,0.004722275813420614,0.019290342013041178,false,40,199.76874666666666,50,0.02387722333272298,model_50,2,9.57684255281253,50.352
,0,30,4500,APC,0.029539464303425376,0.0072096159798758375,0.01669661920411246,false,80,224.52984685714287,60,0.024892636707850864,model_60,1,19.98420189801712,50.684
,0,30,4000,APC,0.02966766963686262,0.009503306491034372,0.01227460333279201,true,40,2859.483721142857,10,3.898303849356515,model_10,1,11.527196263326655,66.756
,0,30,4500,APC,0.02974231362342835,0.01651671436854771,0.007276486567088535,true,100,2864.634148571429,60,3.765845775604248,model_60,1,17.70031182463853,50.92
,0,10,4500,APC,0.029798371156056724,0.010527186314264933,0.014511006355285646,false,20,179.35837866666665,40,0.02279806137084961,model_40,2,6.103428806213763,49.748
,0,15,4500,APC,0.029826224883397423,0.010298014243443808,0.014659719785054525,false,40,184.77329066666667,40,0.026017189025878906,model_40,2,9.237074886836638,53.616
,0,10,4000,APC,0.030019113029752457,0.010988679783684866,0.011642592566353934,true,20,2862.0214857142855,10,3.5617866856711253,model_10,1,7.013135343561527,63.254
,0,15,4500,APC,0.03006010746955871,0.008947288070406232,0.01578767728805542,false,60,190.6688,60,0.025041171482631137,model_60,1,12.291515725393674,50.11
,0,30,4500,APC,0.030537160476048788,0.017814468065897624,0.007334243059158325,true,60,2869.7040213333335,40,4.020122687021892,model_40,2,12.252381402579813,54.562
,0,30,3500,APC,0.03077232130368551,0.003068719625473022,0.02147226436932882,false,20,214.00917333333334,60,0.024526039759318035,model_60,2,6.568710808186521,45.18
,0,30,4000,APC,0.030811874185289658,0.0112438109261649,0.012051949501037596,true,60,2874.700946285714,10,3.890950850078038,model_10,1,14.276826320959996,67.91
,0,30,3500,APC,0.030887044497898645,0.00885223320552281,0.013339739322662355,true,20,2860.116260571428,20,3.783595766339983,model_20,1,8.116262232530692,62.106
,0,15,4000,APC,0.03089534534726824,0.012261296238218035,0.011641754048211234,true,40,2862.9255314285715,10,3.780265842165266,model_10,1,10.358036291395766,66.756
,0,30,4500,APC,0.030899982758930748,0.017963773318699427,0.00707976256098066,true,80,2862.8114285714287,60,3.5926331111363004,model_60,1,19.19937004307382,50.684
,0,30,4500,APC,0.030918686469395957,0.01107690183321635,0.014939933856328328,false,100,182.1272746666667,40,0.0633077621459961,model_40,2,14.828056323716588,55.862
,0,30,4000,APC,0.030959662675857546,0.005801663001378378,0.019678309202194214,false,60,200.54562133333332,50,0.024179458618164062,model_50,2,12.039152029371271,51.158
,0,30,4500,APC,0.03104442421595256,0.015283047596613567,0.010026459773381553,true,60,2873.3945173333327,0,3.333048661549886,model_0,2,11.981079277541474,70.602
,0,30,4000,APC,0.031101475000381473,0.018902597586313883,0.006667726516723632,true,20,2852.585472,50,3.9687791665395102,model_50,2,6.848222016395163,46.716
,0,30,4500,APC,0.03120767078399658,0.013839806922276814,0.011056185547510783,true,100,2870.5991338666663,0,3.7090247790018718,model_0,1,16.41806896879722,71.878
,0,30,4000,APC,0.03126704541842143,0.014609391530354817,0.010721441666285197,true,20,2860.7474346666663,10,4.0137050946553545,model_10,2,6.5114522216247535,63.254
,0,15,3500,APC,0.03133088835080464,0.004204253832499187,0.021197088718414307,false,20,206.57629866666664,60,0.023161013921101887,model_60,2,6.351350464978533,45.18
,0,30,4500,APC,0.03136677653448922,0.013271045786993844,0.011326411621911186,true,80,2858.150765714286,0,4.056638036455427,model_0,1,18.751117410264502,71.452
,0,15,4000,APC,0.03140971382459005,0.007286106030146282,0.018713319698969524,false,40,180.68275200000002,50,0.021739959716796875,model_50,2,8.81761129200948,50.352
,0,15,3500,APC,0.03144487346921648,0.0091313464982169,0.013533641815185545,true,20,2874.9467062857148,20,4.032849141529629,model_20,1,7.826426268332085,62.106
,0,15,4500,APC,0.03157669067382813,0.01897236633300781,0.007209016482035319,true,40,2880.8779093333337,40,3.64616060256958,model_40,2,8.859003384721733,53.616
,0,15,4000,APC,0.03159876910845439,0.01904329291979472,0.006851072311401367,true,20,2861.2212053333337,50,3.715698798497518,model_50,2,6.536463777918595,46.716
,0,10,4500,APC,0.03160675700505575,0.016311235666275025,0.009745408614476522,true,20,2878.1622613333334,0,3.750738541285197,model_0,2,5.975434188168009,65.896
,0,10,4000,APC,0.03164971232414245,0.007206878900527954,0.01898883676528931,false,20,193.72305066666664,50,0.02295033137003581,model_50,2,5.847393019834356,46.716
,0,15,4500,APC,0.03172667050361633,0.016071536620457964,0.009910487333933514,true,40,2869.014528,0,3.903400103251139,model_0,2,8.766930681798264,69.332
,0,30,4500,APC,0.03184904583295186,0.01186965799331665,0.015045188824335734,false,80,177.979392,40,0.02542575200398763,model_40,2,16.21915379071312,55.54
,0,30,3500,APC,0.0318571769396464,0.003691257953643798,0.022198752641677855,false,40,201.46858666666665,60,0.025877952575683594,model_60,2,9.24713461416683,49.144
,0,30,4500,APC,0.031898517370224,0.01640659268697103,0.00984744668006897,true,100,2852.061184,0,3.5172868569691977,model_0,2,14.954106584846905,71.878
,0,10,4500,APC,0.03199270585605076,0.012141247579029627,0.014562844548906597,false,40,178.74709942857143,60,0.024616616112845286,model_60,1,8.454388343109281,49.144
,0,30,4000,APC,0.031995136022567754,0.015400309085845948,0.010485740502675374,true,40,2852.833962666667,10,3.3245980739593506,model_10,2,9.180751019446022,66.756
,0,15,4500,APC,0.03199756935664586,0.018689276456832885,0.007273251976285662,true,60,2861.116269714286,60,3.820774112428938,model_60,1,11.904724346175996,50.11
,0,30,4000,APC,0.032000000238418584,0.008421108643213908,0.018229445775349934,false,100,193.06359466666666,50,0.07263620694478352,model_50,2,14.403303137674053,52.182
,0,10,4500,APC,0.0321673891544342,0.019534804344177245,0.00712902053197225,true,20,2864.6836906666667,40,3.263738473256429,model_40,2,5.870755544580337,49.748
,0,15,3500,APC,0.03217573380470276,0.006517579873402912,0.020114063739776613,false,40,192.82602666666665,60,0.02281506856282552,model_60,2,8.57219279263911,49.144
,0,15,4500,APC,0.032241272483553206,0.015235274348940167,0.010779833282743182,true,60,2861.764608,0,4.050842148917062,model_0,1,11.77196142812299,70.602
,0,30,4000,APC,0.03225666618347168,0.019340866406758625,0.007001260201136272,true,40,2854.1911039999995,50,4.256588459014893,model_50,2,9.47348530686362,50.352
,0,30,4500,APC,0.03240248370170593,0.01985344155629476,0.007250841856002808,true,100,2871.5622399999997,40,3.912649154663086,model_40,2,14.282171798592413,55.862
,0,30,4000,APC,0.032499873672212874,0.013458631958280292,0.011762166466031756,true,100,2876.7308068571433,10,3.6818473679678783,model_10,1,16.882236563286153,69.426
,0,15,4000,APC,0.032619312286376954,0.016332753658294678,0.010343783378601075,true,20,2860.1384959999996,10,4.413406451543172,model_10,2,6.199743924311093,63.254
,0,10,3500,APC,0.032653932730356855,0.0073168249924977615,0.019704694271087647,false,20,177.30901333333335,60,0.02331829071044922,model_60,2,5.680143549698237,45.18
,0,30,3500,APC,0.032716847113200595,0.010151452166693551,0.01383787144933428,true,40,2864.7751679999997,20,3.80251567704337,model_20,1,10.995917757942284,65.98
,0,30,4000,APC,0.03304471357663472,0.01613580886522929,0.010784046570460002,true,60,2852.1458346666664,10,3.5938686529795327,model_10,2,11.519073002208527,67.91
,0,30,3500,APC,0.03308440629641215,0.006066626628239949,0.02106049728393555,false,60,199.155712,60,0.02443981170654297,model_60,2,11.452720550382713,50.11
,0,30,4000,APC,0.03315467389424642,0.009528404553731282,0.018479425430297854,false,80,179.32151466666667,50,0.024458805720011394,model_50,2,15.642665099440324,51.87
,0,25,4500,APC,0.03326808184385299,0.016295483618974687,0.010816360384225844,true,100,2865.2769279999998,0,3.693243980407715,model_0,1,14.810187901154917,71.878
,0,10,3500,APC,0.0335035195010049,0.011133718047823224,0.013652205194745744,true,20,2866.974134857143,20,4.152212517602103,model_20,1,6.737456746966257,62.106
,0,30,4500,APC,0.033610841910044355,0.018866218010584513,0.00948107099533081,true,80,2864.8284160000003,0,3.4899980227152505,model_0,2,15.373962350449082,71.452
,0,10,4500,APC,0.03361512732505798,0.020246567589896066,0.007269024712698801,true,40,2861.129728,60,3.968101842062814,model_60,1,8.281336306638176,49.144
,0,10,4500,APC,0.03366986220223563,0.016857758385794504,0.010612979888916015,true,40,2867.913289142857,0,4.024012088775635,model_0,1,8.178595757354792,69.332
,0,30,4000,APC,0.03374538159370422,0.020863726139068603,0.007005279858907064,true,60,2859.5677866666665,50,3.7453603744506836,model_50,2,11.645078587912026,51.158
,0,30,3500,APC,0.03386838626861572,0.015440463225046793,0.01126589012145996,true,20,2850.59072,20,3.3262855211893716,model_20,2,6.25945096553252,62.106
,0,15,4000,APC,0.03388447856903076,0.017602476914723716,0.010258433977762858,true,40,2872.108373333333,10,3.2766459782918296,model_10,2,8.667859839333977,66.756
,0,10,4000,APC,0.03390777007738749,0.017877463738123576,0.00999760874112447,true,20,2866.0285440000002,10,3.322587490081787,model_10,2,5.825193297092827,63.254
,0,30,3500,APC,0.033984017928441364,0.0076494295597076415,0.02038850784301758,false,100,187.95042133333334,60,0.06302952766418457,model_60,2,13.844905187089191,50.92
,0,30,4000,APC,0.034095922810690744,0.014675189665385656,0.012097477504185269,true,80,2863.3193325714287,10,3.8545312540871755,model_10,1,17.95512206720365,68.932
,0,10,4000,APC,0.0341017738978068,0.021136615753173826,0.007068965514500936,true,20,2867.3665706666666,50,3.318027973175049,model_50,2,5.841259895320422,46.716
,0,15,4000,APC,0.03418861865997314,0.013851091146469116,0.015410100460052487,false,60,181.16471466666667,50,0.024854421615600586,model_50,2,10.092690548749566,51.158
,0,15,4500,APC,0.03421744664510091,0.01578580602010091,0.013667787631352742,false,60,181.34084266666665,40,0.023661454518636067,model_40,2,10.15594333261785,54.562
,0,30,3500,APC,0.034340275389807565,0.011809270926884241,0.013789999961853027,true,60,2864.0320365714288,20,3.7057803698948453,model_20,1,13.504870861112094,67.2
,0,15,3500,APC,0.03441271328926086,0.013135822057724,0.013108892883573258,true,40,2859.1168365714284,20,4.008354902267456,model_20,1,9.85661712674609,65.98
,0,30,3500,APC,0.03457885185877482,0.019467872460683187,0.008254042387008666,true,20,2869.6084480000004,60,3.4266143639882407,model_60,2,6.335550102681478,45.18
,0,15,4000,APC,0.03473719541231791,0.022084893544514973,0.006859725395838419,true,40,2856.344234666667,50,3.6756831804911294,model_50,2,8.548484525324989,50.352
,0,20,4500,APC,0.034905486851930616,0.0180730122923851,0.010620632141828536,true,100,2861.93152,0,3.8112745583057404,model_0,1,13.570619920612979,71.878
,0,15,3500,APC,0.03494763239224752,0.012923182169596354,0.016810194412867227,false,60,190.47082666666665,60,0.024507919947306316,model_60,2,9.888229767656226,50.11
,0,15,3500,APC,0.03515848668416341,0.019833937565485637,0.00827083961168925,true,20,2870.1409280000003,60,4.039544741312663,model_60,2,6.237237400839935,45.18
,0,15,4000,APC,0.03527638443936736,0.01639496235003828,0.011594527280265816,true,60,2866.609005714286,10,3.8895188740321567,model_10,1,11.261573196588387,67.91
,0,30,3500,APC,0.03533458630243937,0.01012717358271281,0.019492695331573485,false,80,190.099456,60,0.02379020055135091,model_60,2,15.133134096028419,50.684
,0,15,4500,APC,0.03543797200066702,0.01528910895756313,0.014704126460211618,false,100,188.5950537142857,60,0.026231493268694197,model_60,1,12.823852278664997,50.92
,0,30,4000,APC,0.03556771953900655,0.01822644543647766,0.010778461297353109,true,100,2862.820010666667,10,3.7041455109914145,model_10,2,13.966526987969834,69.426
,0,15,4500,APC,0.03566394901275635,0.020685018142064415,0.009589545408884683,true,60,2860.904448,0,3.6610674063364663,model_0,2,9.873775487541144,70.602
,0,30,4000,APC,0.03566827487945557,0.02240246351559957,0.007188715060551961,true,100,2867.3774933333334,50,3.6601407527923584,model_50,2,13.682655028050318,52.182
,0,15,4500,APC,0.035701483964920046,0.02281527884801229,0.007321757396062216,true,60,2890.7956906666673,40,3.921127955118815,model_40,2,9.978149017903407,54.562
,0,30,4000,APC,0.03571563561757406,0.022249207735061644,0.007291776100794474,true,80,2870.1627733333335,50,3.6942666371663413,model_50,2,15.66571825445662,51.87
,0,30,4500,APC,0.03574373817443848,0.022473780711491902,0.007655535697937012,true,80,2862.8500480000002,40,3.855154037475586,model_40,2,15.496456185136417,55.54
,0,30,3000,APC,0.0357717900616782,0.01141571865762983,0.013095602410180226,true,20,2871.0438034285717,30,3.589427982057844,model_30,1,7.508318670798123,57.442
,0,15,3000,APC,0.03577836288724627,0.011320899656840732,0.01354498474938529,true,20,2868.20352,30,3.883138826915196,model_30,1,7.299279376297152,57.442
,0,30,3500,APC,0.03602583003044128,0.020603166023890177,0.008177555561065674,true,40,2892.752213333333,60,3.505190292994181,model_60,2,9.275384646832704,49.144
,0,15,3500,APC,0.03603937466939291,0.016328239838282268,0.01185540827115377,true,20,2859.735722666667,20,4.263238271077474,model_20,2,5.876042032990387,62.106
,0,30,3500,APC,0.036466878380094256,0.01449201692853655,0.01344904705456325,true,100,2857.4819474285714,20,3.73538909639631,model_20,1,15.990639484382877,68.504
,0,10,4000,APC,0.03652057654517037,0.018819906847817557,0.010993452685219899,true,40,2854.860507428571,10,3.475374528339931,model_10,1,7.93169072010903,66.756
,0,30,3500,APC,0.03682199962933858,0.01775097886721293,0.011204895814259846,true,40,2864.410624,20,3.387453635533651,model_20,2,8.7533606800843,65.98
,0,15,4500,APC,0.03709204673767091,0.020350853579384938,0.010529061964579992,true,100,2854.9465234285713,0,3.9397411346435547,model_0,1,12.475319111694185,71.878
,0,15,4500,APC,0.037274158000946044,0.023655750002179825,0.007500743900026594,true,100,2862.250276571428,60,3.7291016578674316,model_60,1,12.404317457151377,50.92
,0,30,3500,APC,0.03776500066121419,0.02177525877952576,0.008138534784317015,true,60,2855.7380266666664,60,3.9547011852264404,model_60,2,11.114367340014065,50.11
,0,30,3000,APC,0.03780035696710859,0.01331672239303589,0.013215231214250837,true,40,2877.6921965714287,30,3.971151556287493,model_30,1,10.546637298053524,60.932
,0,30,3500,APC,0.037876099416187824,0.01626473706109183,0.013149618012564522,true,80,2862.7821714285715,20,3.992476156779698,model_20,1,17.30346699053166,68.162
,0,30,4000,APC,0.03792460338274637,0.021438242355982462,0.010278120517730712,true,80,2873.6197973333333,10,3.754571040471395,model_10,2,14.970313409624595,68.932
,0,15,4000,APC,0.03804762578010559,0.02492827908198039,0.007078162193298341,true,60,2850.986666666666,50,3.8490564823150635,model_50,2,9.758313407378898,51.158
,0,15,3500,APC,0.038172418832778936,0.023554062445958455,0.007823109149932861,true,40,2867.433472,60,3.573621908823649,model_60,2,8.218368728064073,49.144
,0,30,3500,APC,0.038225232680638634,0.018733469009399414,0.011537729660669961,true,60,2862.882816,20,3.635490338007609,model_20,2,11.032486864664705,67.2
,0,10,3500,APC,0.038432055155436205,0.02394139552116394,0.007704433997472127,true,20,2858.519210666667,60,3.6297106742858887,model_60,2,5.575986078402905,45.18
,0,10,3500,APC,0.03844483629862467,0.019205841700236006,0.011371896743774415,true,20,2857.170261333333,20,4.187908172607422,model_20,2,5.462641085815471,62.106
,0,15,3500,APC,0.03844874358177185,0.019536919991175333,0.011364719390869143,true,40,2854.9515946666666,20,3.6977858543395996,model_20,2,8.15294003365798,65.98
,0,10,3000,APC,0.038511090210505895,0.01626927525656564,0.01253732166971479,true,20,2864.9600731428577,30,3.740314483642578,model_30,1,6.478003664552294,57.442
,0,15,3500,APC,0.03867259176572164,0.018511769612630208,0.015002506176630655,false,100,179.953664,60,0.02584552764892578,model_60,2,10.981636942884421,50.92
,0,5,4500,APC,0.03891716915910895,0.018981316913257943,0.014252682339061391,false,20,186.43428072727275,60,0.026613040403886276,model_60,1,4.2646220719238945,45.18
,0,10,4500,APC,0.038936123268944876,0.019431975943701607,0.014095219135284425,false,60,179.6815725714286,60,0.025054897580827986,model_60,1,8.645210875872253,50.11
,0,10,4000,APC,0.03905961155891418,0.01940264304478963,0.01469972030321757,false,40,180.66363733333333,50,0.025388240814208984,model_50,2,6.950130732257343,50.352
,0,15,3500,APC,0.03909956022671291,0.01801929419381278,0.012806702000754221,true,60,2862.8775497142856,20,3.687814269747053,model_20,1,10.682435100061243,67.2
,0,15,4500,APC,0.03925146021161761,0.019345700945172992,0.014382997070040022,false,80,177.18184228571428,60,0.02456075804574149,model_60,1,12.89066020312301,50.684
,0,5,4500,APC,0.03927320521218436,0.022976138029779707,0.010280575275421143,true,20,2858.9632365714283,0,3.8064541816711426,model_0,1,4.252668370822064,65.896
,0,15,4000,APC,0.03931840928395589,0.019675450642903648,0.014607024113337199,false,100,176.648192,50,0.023756980895996094,model_50,2,10.869915787598066,52.182
,0,5,4500,APC,0.03932389349596842,0.02593064051015036,0.007401102236339024,true,20,2860.2929737142854,60,3.7258991173335483,model_60,1,4.257618145548188,45.18
,0,15,4000,APC,0.03947382791837056,0.023142730712890625,0.010167772849400838,true,60,2858.6598400000003,10,3.6737989584604898,model_10,2,9.500061671069679,67.91
,0,10,4500,APC,0.0396040198802948,0.02136938118934631,0.013390170494715373,false,40,176.63317333333336,40,0.024988094965616863,model_40,2,6.876641184453523,53.616
,0,30,3000,APC,0.0398932534626552,0.01758666379111154,0.012446146930967059,true,60,2857.6715337142855,30,3.971986327852522,model_30,1,12.988924216494075,62.19
,0,15,4500,APC,0.03997396190961202,0.021394014040629072,0.013662155787150064,false,100,183.67146666666667,40,0.023775577545166016,model_40,2,10.93549748342216,55.862
,0,10,4500,APC,0.03998634990056356,0.024316675742467247,0.009859996716181438,true,40,2868.729173333333,0,3.624228318532308,model_0,2,6.732152796079099,69.332
,0,10,4500,APC,0.04005438780784607,0.023816280739648005,0.01029807312147958,true,60,2858.63936,0,3.6649863038744246,model_0,1,8.521363307581778,70.602
,0,10,4500,APC,0.04010743999481201,0.02686650739397322,0.007301498072487966,true,60,2851.7768045714283,60,3.5112651075635637,model_60,1,8.55568218023934,50.11
,0,30,3000,APC,0.04010979143778483,0.020883745431900025,0.010919155756632487,true,20,2858.565632,30,3.439750830332438,model_30,2,6.11024447127762,57.442
,0,15,3000,APC,0.04021602020944868,0.016945954016276767,0.012708383219582694,true,40,2855.017910857143,30,3.933882236480713,model_30,1,9.256029985573093,60.932
,0,15,4500,APC,0.040373894770940146,0.025235624392827352,0.009640378872553508,true,100,2853.2312746666666,0,4.07615343729655,model_0,2,11.051153875767264,71.878
,0,10,4500,APC,0.040430415630340576,0.02759787424405416,0.007165084997812907,true,40,2874.851328,40,3.897914091746012,model_40,2,6.790444738725147,53.616
,0,15,4500,APC,0.040498253038951326,0.027334608963557654,0.007276783330099924,true,80,2868.372626285714,60,3.6906250544956754,model_60,1,12.644834106565582,50.684
,0,15,4500,APC,0.040581859179905484,0.023875699622290476,0.01052521981511797,true,80,2867.2825051428567,0,4.212340218680246,model_0,1,12.63101301739331,71.452
,0,30,3500,APC,0.04062499570846558,0.021910181840260824,0.01125708039601644,true,100,2864.233130666667,20,3.3544037342071533,model_20,2,12.965094702588772,68.504
,0,15,4500,APC,0.04063997268676758,0.027627774715423586,0.00746288283665975,true,100,2857.3873493333335,40,3.9587422211964927,model_40,2,10.778939080014666,55.862
,0,10,3500,APC,0.04066898945399693,0.02028350223813738,0.012362430947167533,true,40,2854.928384,20,3.6448460647038052,model_20,1,7.569272210406394,65.98
,0,15,4500,APC,0.040757487944194246,0.00011655208042689732,0.03480040219851903,false,20,416.50058971428564,0,0.033857924597603936,model_0,1,8.642903571857108,65.896
,0,30,4500,APC,0.04080302340643747,0.00010764929226466588,0.03474649204526629,false,20,414.9610788571428,0,0.03463581630161831,model_0,1,9.057675358952896,65.896
,0,15,3000,APC,0.04083806331952413,0.020800324122111,0.011564889272054036,true,20,2871.588181333333,30,4.027245203653972,model_30,2,5.780429826083573,57.442
,0,15,4000,APC,0.040934402465820315,0.022914256368364607,0.011063311679022652,true,100,2863.0507519999996,10,3.5930282729012624,model_10,1,12.072895577019503,69.426
,0,10,4500,APC,0.0410551814351763,0.00011185417856488909,0.035027878454753324,false,20,409.59297828571425,0,0.031452451433454244,model_0,1,7.542846470841048,65.896
,0,15,4500,APC,0.0411685082912445,0.0001340192953745524,0.03566654555002848,false,20,401.432576,0,0.032070557276407875,model_0,2,6.68248697959748,65.896
,0,30,3500,APC,0.04129476165771485,0.025926581859588623,0.007865214029947916,true,100,2854.567936,60,4.077956358591716,model_60,2,13.077939104305079,50.92
,0,15,4500,APC,0.04139095425605774,0.0003206396102905273,0.03544392736752828,false,60,345.04704,0,0.03103041648864746,model_0,2,9.969392163016801,70.602
,0,30,3500,APC,0.041444476842880246,0.026858583450317382,0.007620667060216268,true,80,2854.7222186666672,60,3.8710108598073325,model_60,2,14.580947015235921,50.684
,0,30,4500,APC,0.04153983934720357,0.0001904619534810384,0.03583700227737427,false,20,409.9795626666667,0,0.03204019864400228,model_0,2,7.055574206860611,65.896
,0,30,3500,APC,0.041562377055486044,0.022849464654922488,0.011551937421162922,true,80,2873.3207893333333,20,3.5676091512044272,model_20,2,14.196882732313744,68.162
,0,15,4500,APC,0.041663267339978896,0.0001234652314867292,0.035602405445916314,false,40,397.4734994285714,0,0.03448820114135742,model_0,1,11.00751814053135,69.332
,0,30,4500,APC,0.041670903410230366,0.00012712039266313824,0.03558193574632917,false,60,406.9118537142857,0,0.03352584157671247,model_0,1,15.428971328388558,70.602
,0,30,4500,APC,0.04168669438362122,0.00012444567680358886,0.03560913991928101,false,40,407.90074514285715,0,0.03406807354518345,model_0,1,12.630287266522839,69.332
,0,30,4500,APC,0.041861872990926106,0.0001016542911529541,0.036204436302185054,false,40,407.61207466666673,0,0.029771804809570312,model_0,2,9.854371970733665,69.332
,0,15,4000,APC,0.04202704381942749,0.02229703362782796,0.014622081279754638,false,80,183.00108799999998,50,0.02441263198852539,model_50,2,11.218928629419588,51.87
,0,30,4500,APC,0.0420666712919871,0.0001308867931365967,0.03657613762219747,false,60,410.488832,0,0.03188530604044596,model_0,2,12.082089936235642,70.602
,0,5,4000,APC,0.04213152836050305,0.02448064114366259,0.010966191002300807,true,20,2859.7490834285713,10,3.88014326776777,model_10,1,4.109609447025437,63.254
,0,10,4500,APC,0.04226209592819214,0.00043441254752022877,0.03584780859947204,false,40,373.0408594285714,0,0.032772881644112725,model_0,1,8.283227573380694,69.332
,0,30,4500,APC,0.042305565595626836,0.0001985958417256673,0.03646358863512675,false,100,506.3406933333333,0,0.12436683972676595,model_0,2,15.08514418475086,71.878
,0,15,4500,APC,0.042329202788216724,0.0001392301150730678,0.03614244597298759,false,60,379.5458925714286,0,0.033565010343279154,model_0,1,12.079245547128451,70.602
,0,30,4500,APC,0.042413141250610346,0.00012057328224182128,0.03629083623204913,false,100,423.6726857142857,0,0.07797707830156599,model_0,1,18.43801074933333,71.878
,0,15,4500,APC,0.04242609079678853,0.00016273371378580732,0.03661834192276001,false,40,403.90519466666666,0,0.03571565945943197,model_0,2,8.873267196545582,69.332
,0,30,4500,APC,0.0425759760538737,0.0001280213197072347,0.03684592620531718,false,80,402.16166400000003,0,0.03477835655212402,model_0,2,15.789516538141243,71.452
,0,15,4000,APC,0.04260459264119466,0.0267685600121816,0.00995298417409261,true,100,2866.233344,10,3.5478665033976235,model_10,2,10.626872601006696,69.426
,0,15,4500,APC,0.042638662179311115,0.024419675827026366,0.013275369008382163,false,80,176.71645866666668,40,0.02408281962076823,model_40,2,11.167218494201478,55.54
,0,30,3000,APC,0.04264272920290629,0.0225461954275767,0.01166654086112976,true,40,2867.111253333333,30,3.9172481695810952,model_30,2,8.379039956812903,60.932
,0,30,4500,APC,0.04265263424600874,0.00012174109050205775,0.03654992365837097,false,80,380.3059931428571,0,0.03280881472996303,model_0,1,19.48400934674735,71.452
,0,30,2500,APC,0.042962506907326836,0.01772006974901472,0.012869764225823541,true,20,2873.9314834285715,40,3.7987914766584123,model_40,1,7.225269118393809,49.748
,0,10,3500,APC,0.04302455449104309,0.016777065277099608,0.020671025991439818,false,40,202.44753066666667,60,0.024296998977661133,model_60,2,6.597110159767389,49.144
,0,30,3000,APC,0.043165705885205956,0.018785124506269183,0.013613152299608503,true,100,2865.4954788571436,30,3.814380577632359,model_30,1,15.01641203593751,63.288
,0,15,2500,APC,0.04319738231386457,0.01869490347589765,0.01219236537388393,true,20,2865.416484571429,40,3.520340919494629,model_40,1,7.03615680279719,49.748
,0,10,4000,APC,0.04321087350164141,0.025344439574650355,0.011119417973927088,true,60,2861.644653714285,10,3.7477072988237654,model_10,1,8.221437109850232,67.91
,0,15,3500,APC,0.04327622723579407,0.024716387351353963,0.013582664330800374,false,80,177.23665066666663,60,0.02211340268452962,model_60,2,10.985150118056543,50.684
,0,10,4500,APC,0.04332555842399597,0.00020745038986206055,0.03761060078938802,false,20,400.97928533333334,0,0.03074534734090169,model_0,2,6.01671774176975,65.896
,0,10,4000,APC,0.043438320795694985,0.03053433934847514,0.007186372439066569,true,40,2861.4929066666664,50,3.5204919974009194,model_50,2,6.673338907089146,50.352
,0,15,4000,APC,0.04348181421416147,0.026239217894417903,0.010684867347989763,true,80,2861.675666285714,10,3.684241601399013,model_10,1,12.178412252500712,68.932
,0,10,4000,APC,0.0435155955950419,0.026829468568166096,0.010640111605326333,true,40,2874.6137599999997,10,3.4232004483540854,model_10,2,6.526955598685528,66.756
,0,10,4500,APC,0.04355539853232249,0.0022778215748923167,0.03532008780751909,false,60,294.7253394285714,0,0.033896684646606445,model_0,1,8.551180297318856,70.602
,0,15,3500,APC,0.043558632055918374,0.024301443417867025,0.01170503036181132,true,60,2862.3216640000005,20,3.954857110977173,model_20,2,8.900929858751775,67.2
,0,15,4500,APC,0.043572044304439,0.00132980523790632,0.03623191710880824,false,100,360.5035885714286,0,0.034415790012904575,model_0,1,12.68152857279925,71.878
,0,15,4500,APC,0.043578144073486334,0.028901427427927655,0.009372968355814616,true,80,2861.796010666667,0,3.6012324492136636,model_0,2,11.164457961448164,71.452
,0,15,3500,APC,0.04358009926478068,0.028262313842773435,0.007741331338882446,true,60,2855.5018240000004,60,3.8944141070048013,model_60,2,9.247427002933248,50.11
,0,5,4500,APC,0.0438569779179313,0.0021598808548667216,0.035604861216111616,false,20,309.3392290909091,0,0.03514138135043057,model_0,1,4.211088521487196,65.896
,0,10,3000,APC,0.04389633719126384,0.02357527295748393,0.01146286662419637,true,20,2863.822165333333,30,3.8989243507385254,model_30,2,5.152177038952918,57.442
,0,15,4500,APC,0.044092945507594516,0.002196420294897897,0.035900599752153664,false,80,308.89047771428574,0,0.0330242429460798,model_0,1,12.819121442137385,71.452
,0,10,4500,APC,0.044192240238189705,0.0026846861839294432,0.036103140751520796,false,40,327.1338666666666,0,0.03159173329671224,model_0,2,6.766380276516483,69.332
,0,30,3000,APC,0.04419856282642909,0.021792734588895527,0.012932133334023611,true,80,2862.5106651428573,30,4.129024403435843,model_30,1,16.330557706986934,62.956
,0,30,3000,APC,0.04421952072779337,0.025484643538792928,0.010943980852762858,true,60,2862.0376746666666,30,3.9378647009531655,model_30,2,10.653526925799865,62.19
,0,15,4500,APC,0.044264664967854826,0.0010432082017262777,0.0376172920068105,false,100,324.2693973333333,0,0.0327144463857015,model_0,2,11.018037986644416,71.878
,0,30,2500,APC,0.04449009139197214,0.020602057388850622,0.012455063649586266,true,40,2866.52416,40,3.6693360805511475,model_40,1,10.169190578615472,53.616
,0,15,3000,APC,0.04477169724873135,0.023354880469185966,0.012174956798553465,true,60,2866.703798857143,30,3.9258086340767995,model_30,1,10.417472566763992,62.19
,0,15,3500,APC,0.044921152285167146,0.024479896000453406,0.012422865220478604,true,100,2860.8868937142856,20,3.902040822165353,model_20,1,11.498337717730676,68.504
,0,15,4000,APC,0.045232144912083945,0.03146788104375203,0.007356706142425537,true,100,2880.928426666667,50,3.9601288636525473,model_50,2,10.24720763702736,52.182
,0,15,3000,APC,0.04538104979197185,0.025314483563105266,0.011751304467519125,true,40,2865.9561813333335,30,3.2989765803019204,model_30,2,7.677203822532744,60.932
,0,15,4500,APC,0.04549695356686909,0.0330904913743337,0.007190466880798339,true,80,2851.3648639999997,40,3.421931584676107,model_40,2,11.018849991708018,55.54
,0,10,3000,APC,0.04561567378044128,0.00048521947860717777,0.037631866216659544,false,20,315.21041066666663,30,0.0228729248046875,model_30,2,4.948954202049691,57.442
,0,15,2500,APC,0.04569675173078264,0.00010345172882080078,0.036080264874867034,false,20,344.0745325714285,40,0.025347300938197544,model_40,1,6.755435624404392,49.748
,0,30,3000,APC,0.04580611348152161,0.00018707521756490073,0.03793754529953003,false,20,377.62252800000005,30,0.027634223302205402,model_30,2,5.797081161312427,57.442
,0,15,4500,APC,0.04591850550969442,0.003760102351506551,0.03655676110585531,false,80,257.0376533333333,0,0.03419081370035807,model_0,2,11.09032337952541,71.452
,0,10,2500,APC,0.04592803304536002,0.00017154867308480398,0.03607492317472185,false,20,320.0239908571429,40,0.02625714029584612,model_40,1,5.96210916465076,49.748
,0,30,3000,APC,0.04593766379356384,0.0002608975569407145,0.037845091740290326,false,40,362.541056,30,0.026379187901814777,model_30,2,8.06085751854078,60.932
,0,10,2500,APC,0.04601401928492955,0.021114947625568932,0.012331301518848963,true,20,2869.7090925714288,40,3.7650601182665144,model_40,1,6.067294887777692,49.748
,0,15,3000,APC,0.04606213733128139,0.00019679798398699079,0.03732757350376674,false,20,389.5922102857143,30,0.02789010320390974,model_30,1,7.301002045351347,57.442
,0,30,2500,APC,0.04615568201882498,0.00009430585588727678,0.03657983238356454,false,20,354.9301028571429,40,0.025721379688807895,model_40,1,7.106577866653133,49.748
,0,10,3000,APC,0.04637609451157706,0.00020850137301853727,0.037854920080729895,false,20,379.49791085714287,30,0.025968755994524275,model_30,1,6.394951086336678,57.442
,0,30,3000,APC,0.04646372250148228,0.0001833749498639788,0.03769557298932757,false,20,393.02114742857145,30,0.027497223445347378,model_30,1,7.593942355225695,57.442
,0,10,3000,APC,0.046701802662440714,0.025459155355181014,0.012076280423573085,true,40,2868.8980845714286,30,3.5877790110451833,model_30,1,7.3098202711374665,60.932
,0,30,2500,APC,0.04678470969200134,0.022170241594314577,0.012757874727249147,true,60,2868.8559542857142,40,3.8097565855298723,model_40,1,12.163767193501284,54.562
,0,15,3000,APC,0.046793931325276684,0.0023722941875457763,0.03704288681348165,false,40,258.57911466666667,30,0.02448240915934245,model_30,2,7.135352105865434,60.932
,0,10,2500,APC,0.046810383830751694,0.003265873977116176,0.03470742392539978,false,40,213.79364571428573,40,0.026629958833966936,model_40,1,6.589795745413246,53.616
,0,30,3000,APC,0.04709330715451922,0.00019749757221766882,0.038508145196097236,false,40,389.41959314285714,30,0.027046135493687222,model_30,1,10.610957922559477,60.932
,0,30,3000,APC,0.04711755267779033,0.027388973951339723,0.011541961749394735,true,80,2852.814848,30,3.740744193394979,model_30,2,13.561678575066514,62.956
,0,30,3000,APC,0.04711957502365113,0.00039878193537394205,0.038993957042694094,false,60,338.37056,30,0.027280569076538086,model_30,2,10.170964828946738,62.19
,0,10,4000,APC,0.04713666001955668,0.0002244697411855062,0.04104432694117228,false,20,418.42824533333334,10,0.03134838740030924,model_10,2,5.666644248788782,63.254
,0,15,2500,APC,0.04714331071717399,0.02342818052428109,0.012238408565521242,true,40,2857.4169965714286,40,3.79876777103969,model_40,1,8.96157641098083,53.616
,0,10,4000,APC,0.047189535140991216,0.00008734934670584544,0.04066092205047608,false,20,408.12485485714285,10,0.03202547345842634,model_10,1,7.135552643267567,63.254
,0,30,2500,APC,0.04724459188325065,0.0002185471739087786,0.03707613498823984,false,40,326.832128,40,0.026275668825422014,model_40,1,9.8242200142522,53.616
,0,5,3500,APC,0.0472632166147232,0.027181215984480724,0.012273574437413901,true,20,2863.6110262857146,20,3.810128092765808,model_20,1,3.9554062937422336,62.106
,0,15,2500,APC,0.047290207386016844,0.00033871647289821074,0.03694821180616107,false,40,303.763456,40,0.024614606584821428,model_40,1,8.54895679288408,53.616
,0,30,4000,APC,0.047317135538373675,0.00008283162117004393,0.04074088338443211,false,20,415.6954331428572,10,0.03042888641357422,model_10,1,8.527164056415828,63.254
,0,15,3000,APC,0.04732167400632586,0.00021642705372401644,0.03866708786146982,false,40,375.29951085714293,30,0.02657130786350795,model_30,1,9.17386473668797,60.932
,0,30,3000,APC,0.04734417978922526,0.027755453348159792,0.011361573537190755,true,100,2860.7392426666665,30,3.5514798164367676,model_30,2,12.517631657727291,63.288
,0,30,3000,APC,0.047388398965199786,0.0006777391433715821,0.039457313537597655,false,100,296.984576,30,0.07325625419616699,model_30,2,11.906962163549133,63.288
,0,10,3500,APC,0.04742550834019979,0.03274245842297872,0.007650359312693277,true,40,2873.886037333333,60,3.896547238032023,model_60,2,6.3818878683836315,49.144
,0,15,4000,APC,0.047464589754740404,0.00011266628901163737,0.04135232504208883,false,40,412.78805333333327,10,0.03313748041788737,model_10,2,8.411200346643492,66.756
,0,15,3500,APC,0.047500155925750735,0.000094651426587786,0.04013566054616656,false,20,413.827072,20,0.029050452368600026,model_20,1,7.723956135358295,62.106
,0,10,3000,APC,0.04751412745884487,0.0002680549280984061,0.038961145060403005,false,40,304.00453485714286,30,0.02672266960144043,model_30,1,6.881632813036775,60.932
,0,15,4000,APC,0.04752789446285793,0.00008823176792689733,0.040973826987402776,false,20,409.5291977142857,10,0.032631942204066684,model_10,1,8.09654398233236,63.254
,0,15,3000,APC,0.047590522686640414,0.002640941063563029,0.0379051243464152,false,60,228.68241066666667,30,0.02556745211283366,model_30,2,8.265239910121275,62.19
,0,30,4000,APC,0.047614977200826004,0.00009104371070861817,0.04137117226918539,false,20,418.8637866666666,10,0.03120589256286621,model_10,2,6.507188812069919,63.254
,0,30,3500,APC,0.04766854993502299,0.00009403618176778156,0.040992337067921956,false,20,395.7405013333334,20,0.02712694803873698,model_20,2,6.218445711691113,62.106
,0,15,3000,APC,0.0477052686214447,0.00020447206497192384,0.039284685373306275,false,60,334.3804708571428,30,0.02611827850341797,model_30,1,10.01801685818259,62.19
,0,15,3500,APC,0.04770706939697266,0.00010630917549133301,0.04097692728042602,false,40,392.0090453333333,20,0.030812660853068035,model_20,2,7.969954549968122,65.98
,0,15,4000,APC,0.04770765026410421,0.00009229278564453125,0.041676729520161944,false,20,417.378304,10,0.03202279408772787,model_10,2,6.400474956385966,63.254
,0,15,2500,APC,0.04771348105158124,0.0018315681389399938,0.036313400609152655,false,60,233.53226971428572,40,0.025340488978794644,model_40,1,9.422246421637967,54.562
,0,10,4500,APC,0.04771517968177796,0.034825100898742675,0.0073701254526774085,true,60,2859.9077546666667,40,3.7376366456349692,model_40,2,7.347706440322227,54.562
,0,10,3500,APC,0.047796163524900175,0.00009438776969909668,0.04043530757086618,false,20,407.8199954285715,20,0.030488388878958567,model_20,1,6.744338162181732,62.106
,0,15,4000,APC,0.047805263042449954,0.00009423232078552247,0.041137058121817456,false,40,405.0306194285714,10,0.03318483488900321,model_10,1,10.336625590200018,66.756
,0,30,2500,APC,0.04782093473843165,0.0005497557435716901,0.03747304739270891,false,60,316.28843885714286,40,0.02459021977015904,model_40,1,12.0645841808203,54.562
,0,10,3500,APC,0.047849035978317266,0.029014924844106036,0.011479166428248089,true,40,2856.166741333333,20,4.348714590072632,model_20,2,6.220011203351966,65.98
,0,10,2500,APC,0.04785247608593531,0.011852692297526767,0.028133078234536306,false,60,186.99234742857143,40,0.025285039629255022,model_40,1,7.515459413217029,54.562
,0,30,3500,APC,0.0478885452747345,0.00009382685025533041,0.04098027245203654,false,40,405.52721066666663,20,0.0278322696685791,model_20,2,8.823111499835832,65.98
,0,5,2500,APC,0.04791080123727971,0.011023935534737328,0.02883880649913441,false,20,179.74960872727272,40,0.02656641873446378,model_40,1,3.696280066376876,49.748
,0,30,3500,APC,0.04792597426686968,0.00008757328987121583,0.04054445317813328,false,20,406.53794742857144,20,0.03110337257385254,model_20,1,8.101710204080836,62.106
,0,15,3500,APC,0.047926556984583535,0.0002584991455078125,0.04123645393053691,false,60,322.5204053333333,20,0.028731902440388996,model_20,2,8.764799954198388,67.2
,0,15,2500,APC,0.04803093555995396,0.006763532468250818,0.03237410596438817,false,100,192.39029028571431,40,0.02528108869280134,model_40,1,10.448386508446234,55.862
,0,15,4000,APC,0.04804533584912618,0.03424765880902608,0.007313298304875693,true,80,2862.560597333333,50,3.8051950931549072,model_50,2,10.526312329422582,51.87
,0,10,3500,APC,0.04807197912534078,0.029712872902552288,0.01333678158124288,false,60,186.10039466666663,60,0.023321787516276043,model_60,2,7.156133865772868,50.11
,0,15,3000,APC,0.04808901341756185,0.0002872401873270671,0.03945884482065837,false,20,363.34796800000004,30,0.02588804562886556,model_30,2,5.2439939856670295,57.442
,0,10,3500,APC,0.048138905457087926,0.02837726793970381,0.012070264986583165,true,60,2860.1063131428573,20,3.7278635842459544,model_20,1,7.879239975359916,67.2
,0,30,4000,APC,0.048139449392046244,0.00008911701611110142,0.04139532685279846,false,40,407.8293577142857,10,0.03264784812927246,model_10,1,11.931203288610769,66.756
,0,30,4000,APC,0.04814587044715881,0.00023572738965352375,0.04195601320266723,false,40,414.7664213333333,10,0.030648469924926758,model_10,2,9.277949946147075,66.756
,0,15,3500,APC,0.04817742988041469,0.00009237170219421387,0.04071894812583924,false,40,390.4658285714286,20,0.03016110828944615,model_20,1,9.71212013826259,65.98
,0,10,4500,APC,0.048195441211972924,0.03498612298284258,0.007398112228938512,true,100,2859.7768777142855,60,3.8974176474979947,model_60,1,8.73789022643909,50.92
,0,10,4000,APC,0.048208944422858106,0.00009640911647251674,0.041723402023315426,false,40,387.6512914285714,10,0.03292264257158552,model_10,1,7.8153791373157855,66.756
,0,10,4500,APC,0.04826545850435893,0.00709100087483724,0.03568797238667806,false,60,225.04789333333335,0,0.03100744883219401,model_0,2,7.124846268746846,70.602
,0,10,4500,APC,0.04827632451057434,0.008470395122255597,0.03388464369092669,false,100,217.60058514285714,0,0.03484538623264858,model_0,1,8.714223602856011,71.878
,0,30,4000,APC,0.04830547039849418,0.00008683909688677107,0.04166876445497785,false,60,407.9867611428572,10,0.03220006397792271,model_10,1,14.597421116335726,67.91
,0,30,3000,APC,0.04830979044096811,0.00018562139783586773,0.039505006074905404,false,60,388.4324571428571,30,0.025535481316702708,model_30,1,13.010471889465697,62.19
,0,5,3000,APC,0.04834834972294893,0.004500793001868507,0.035822128447619346,false,20,212.3705250909091,30,0.02718140862204812,model_30,1,3.6427425084160645,57.442
,0,30,3500,APC,0.04835563370159694,0.00008841824531555176,0.04092215803691319,false,40,403.2313051428572,20,0.031626837594168525,model_20,1,11.15998341353877,65.98
,0,30,3500,APC,0.048378161748250326,0.00016733892758687336,0.04146069463094076,false,60,405.430272,20,0.028647899627685547,model_20,2,10.909145657905917,67.2
,0,30,4000,APC,0.04846214453379313,0.00008946371078491211,0.0423992097377777,false,60,400.86050133333333,10,0.030996402104695637,model_10,2,11.650414374052815,67.91
,0,15,4000,APC,0.048470646142959595,0.0001711410681406657,0.04247728689511617,false,60,365.36729599999995,10,0.02808992067972819,model_10,2,9.32016894267994,67.91
,0,30,3000,APC,0.04847251955668131,0.0008765275478363038,0.039783902168273926,false,80,288.70109866666667,30,0.025530417760213215,model_30,2,12.876279870925513,62.956
,0,10,4500,APC,0.04849863529205323,0.03341182780265808,0.009560351928075155,true,60,2865.917952,0,3.8266563415527344,model_0,2,7.197963960617802,70.602
,0,15,4000,APC,0.04851575817380633,0.00014663001469203404,0.04198421454429626,false,60,396.1136274285714,10,0.033168792724609375,model_10,1,11.252999412465387,67.91
,0,15,3500,APC,0.04857628854115804,0.00008788307507832845,0.04169447286923727,false,20,404.4704426666667,20,0.02867611249287923,model_20,2,5.904706923778819,62.106
,0,15,4000,APC,0.04858288757006327,0.03253297622998556,0.010064973036448162,true,80,2857.9689813333334,10,3.296980937321981,model_10,2,10.597693196908331,68.932
,0,15,2500,APC,0.048678264107022966,0.011326790264674596,0.029454790966851375,false,80,191.602688,40,0.02390078135899135,model_40,1,11.065751668548172,55.54
,0,15,3500,APC,0.04874696149144854,0.028199840545654296,0.012614197628838678,true,80,2864.4369554285718,20,4.0584830897195,model_20,1,11.638382399303392,68.162
,0,10,3500,APC,0.04875345877238683,0.00013498285838535855,0.041465956619807655,false,40,379.82442057142856,20,0.03194056238446917,model_20,1,7.363405659378253,65.98
,0,30,2500,APC,0.04877852695076553,0.0008213870313296106,0.038123231239692516,false,100,299.26955885714284,40,0.06969295229230608,model_40,1,14.220653291154534,55.862
,0,10,4500,APC,0.04880232262611389,0.030470527013142904,0.0132929736773173,false,60,183.67010133333335,40,0.0238799254099528,model_40,2,7.142564283775623,54.562
,0,10,3000,APC,0.048818803106035515,0.004297082151685443,0.03677856479372297,false,60,204.28858514285716,30,0.026993274688720703,model_30,1,7.394525076096504,62.19
,0,15,3500,APC,0.048925627946853636,0.00012882726533072335,0.041448538337435045,false,60,395.358208,20,0.03253000123160226,model_20,1,10.662250084837424,67.2
,0,15,3500,APC,0.04893064880371093,0.030902949651082354,0.011055513699849445,true,100,2861.8055679999998,20,3.89575465520223,model_20,2,9.921169701019414,68.504
,0,30,2500,APC,0.04898770713806152,0.02538903089932033,0.012326652765274048,true,100,2852.126134857143,40,3.841785499027797,model_40,1,14.370493659611649,55.862
,0,30,4000,APC,0.049035569088799615,0.00009531712532043458,0.04232503424371992,false,100,410.78959542857143,10,0.12141135760716029,model_10,1,17.267253716214167,69.426
,0,15,3000,APC,0.0490550274848938,0.001115417582648141,0.03958737761633736,false,100,247.27844571428574,30,0.026240757533482144,model_30,1,10.510538428932056,63.288
,0,10,3000,APC,0.049135136683781944,0.006257697979609171,0.03555496946970622,false,40,199.18848000000003,30,0.025638421376546223,model_30,2,5.761631216438495,60.932
,0,30,3000,APC,0.049215919971466064,0.00021966671943664552,0.040661381006240845,false,100,362.5638765714286,30,0.08145471981593541,model_30,1,15.21480935285193,63.288
,0,30,4000,APC,0.049230169614156084,0.0001157395839691162,0.04307452098528544,false,80,401.45715199999995,10,0.0296478271484375,model_10,2,14.89133747022241,68.932
,0,5,4000,APC,0.04928052271496166,0.0006421800743449817,0.04207454267415133,false,20,347.3646312727273,10,0.032730449329723015,model_10,1,4.012368582666519,63.254
,0,30,4000,APC,0.049292761166890464,0.00008644485473632813,0.04327398721377055,false,100,408.1855146666667,10,0.06185611089070638,model_10,2,13.970471441202816,69.426
,0,30,2500,APC,0.04931486150196619,0.0016386669363294328,0.03830283883639744,false,80,277.01189485714286,40,0.02544334956577846,model_40,1,15.228168618020556,55.54
,0,10,4500,APC,0.049316824981144494,0.02986740166800363,0.013767255101885116,false,100,184.7430582857143,60,0.024914332798549106,model_60,1,8.717234286138448,50.92
,0,30,3500,APC,0.04932135857854571,0.00008884150641305106,0.041766962153570994,false,60,402.5344,20,0.03607371875217983,model_20,1,13.744645149664718,67.2
,0,10,4000,APC,0.04932918245451791,0.0007179311684199743,0.04222037516321455,false,60,337.90069028571435,10,0.03242795807974679,model_10,1,8.115093808324433,67.91
,0,30,3500,APC,0.04937000719706217,0.00009340143203735353,0.04238441371917725,false,80,362.799104,20,0.0315094788869222,model_20,2,13.688018897995315,68.162
,0,15,4000,APC,0.049423738241195676,0.00018831459681193033,0.04314334130287171,false,100,360.951808,10,0.02892931302388509,model_10,2,10.310478991969452,69.426
,0,30,3000,APC,0.0494295265674591,0.00020266219547816682,0.0405587636402675,false,80,352.36191085714285,30,0.02737607274736677,model_30,1,16.26528378410658,62.956
,0,30,4000,APC,0.04948301209722246,0.00009338971546718052,0.04277399063110352,false,80,406.3495314285714,10,0.032301630292619975,model_10,1,18.27897659813421,68.932
,0,5,3500,APC,0.0495025493665175,0.0013919986594807018,0.04088043763420798,false,20,290.84876799999995,20,0.03149973262440075,model_20,1,3.7868822012622743,62.106
,0,15,4000,APC,0.049530122177941456,0.00012073305674961634,0.04285786846705846,false,100,378.5417874285714,10,0.0325136525290353,model_10,1,11.888185169017039,69.426
,0,15,4000,APC,0.04981037075178964,0.0008234247139522008,0.04244274510656084,false,80,340.6210194285714,10,0.03130831037248884,model_10,1,12.09696809236929,68.932
,0,15,3500,APC,0.04985180950164795,0.03538493267695109,0.007556813796361288,true,100,2857.3668693333334,60,3.8954320748647056,model_60,2,9.847972566207531,50.92
,0,15,3500,APC,0.049900657971700034,0.0009066948890686034,0.042034783442815145,false,100,289.923072,20,0.030931711196899414,model_20,2,9.566432309538056,68.504
,0,10,3500,APC,0.049938691536585485,0.0038859664599100747,0.03980878138542175,false,40,285.10208,20,0.028673966725667317,model_20,2,6.073647678023529,65.98
,0,10,4000,APC,0.04996165378888448,0.0024475634892781573,0.04155606158574422,false,40,327.30862933333333,10,0.029497702916463215,model_10,2,6.394155655227606,66.756
,0,15,3000,APC,0.05004586831728617,0.007000048875808716,0.036083557923634844,false,100,194.44667733333335,30,0.026176611582438152,model_30,2,9.134015291066113,63.288
,0,30,3500,APC,0.05007776628221785,0.00009335633686610632,0.04238525697163172,false,100,397.9825737142857,20,0.111422027860369,model_20,1,16.251511251468678,68.504
,0,15,3000,APC,0.050117433173315865,0.0038235309123992914,0.03816423337800163,false,80,216.90016914285712,30,0.02546003886631557,model_30,1,10.849866844453487,62.956
,0,10,4000,APC,0.05028977831204732,0.031142935434977214,0.014096701304117838,false,60,179.1685973333333,50,0.023091554641723633,model_50,2,7.110997082539947,51.158
,0,30,3500,APC,0.05037301594870431,0.0000951193060193743,0.04282178780010768,false,80,386.41839542857144,20,0.029382875987461636,model_20,1,17.305964081187284,68.162
,0,10,3500,APC,0.050381130014147076,0.0014838723455156595,0.041962864194597514,false,60,287.76448,20,0.030279125486101423,model_20,1,7.638809862354294,67.2
,0,15,3500,APC,0.05040257855824063,0.0005968528815678188,0.04244279159818377,false,100,362.13730742857143,20,0.030989442552839006,model_20,1,11.215357335049587,68.504
,0,15,3000,APC,0.050483067194620763,0.03215028150876363,0.010521799166997274,true,60,2861.187072,30,3.5506621996561685,model_30,2,8.6364607168479,62.19
,0,15,3500,APC,0.050668949706213814,0.0011715748991285048,0.042246168817792626,false,80,309.21991314285714,20,0.030812195369175503,model_20,1,11.410278727666931,68.162
,0,10,3500,APC,0.05075748705863953,0.00019399468104044597,0.04386362473169963,false,20,397.28605866666675,20,0.02628040313720703,model_20,2,5.2999909070826545,62.106
,0,15,4000,APC,0.05093968590100606,0.0021202677885691326,0.042774087985356646,false,80,276.4909226666667,10,0.029745976130167644,model_10,2,10.45693295100038,68.932
,0,15,2000,APC,0.05098659798077175,0.023709208250045775,0.013116058622087751,true,20,2867.081801142857,50,3.778895480292184,model_50,1,6.605232299766692,46.716
,0,10,2500,APC,0.05101767815862383,0.023099716561181205,0.02124587798118591,false,100,188.31477028571427,40,0.02442666462489537,model_40,1,8.296567246856073,55.862
,0,30,2000,APC,0.05107249069213867,0.02359137065070016,0.012887220178331648,true,20,2867.5686400000004,50,3.759622812271118,model_50,1,6.675868190397685,46.716
,0,15,3000,APC,0.05113279954592387,0.010681470394134522,0.03355057247479757,false,80,182.73894399999998,30,0.027618408203125,model_30,2,9.868667662578758,62.956
,0,15,3000,APC,0.05114611257825579,0.02986125247819083,0.012012575149536133,true,100,2861.7552457142856,30,3.862948553902762,model_30,1,10.796914130927009,63.288
,0,30,2500,APC,0.05132217672892979,0.026510605778012956,0.01239376953669957,true,80,2857.050697142857,40,3.5985472883496965,model_40,1,15.196002083692932,55.54
,0,10,4000,APC,0.0513789849962507,0.003967684405190604,0.041011056797845016,false,100,235.53111771428573,10,0.03377270698547363,model_10,1,8.368782811853158,69.426
,0,10,3000,APC,0.05164158671242851,0.015404777697154454,0.029305680615561353,false,100,193.1316662857143,30,0.028433901923043386,model_30,1,8.185000670664307,63.288
,0,15,3500,APC,0.051658058245976766,0.03459091075261434,0.010639726003011067,true,80,2863.1094613333335,20,4.272223075230916,model_20,2,10.277529005024318,68.162
,0,15,2500,APC,0.0522484313079289,0.028942862851279123,0.012009619746889386,true,60,2872.9999359999997,40,3.9907982689993724,model_40,1,9.79297559080713,54.562
,0,10,4000,APC,0.05229551490147908,0.039166040500005085,0.007176549593607584,true,60,2858.565632,50,3.8914523919423423,model_50,2,6.992919998475358,51.158
,0,10,4500,APC,0.0524929726448926,0.03596735351735895,0.010544301488182766,true,100,2943.8383941818183,0,4.4133816740729594,model_0,1,8.145936617629326,71.878
,0,10,4000,APC,0.05262146576245625,0.03657024375597636,0.01008452010154724,true,60,2865.8674346666667,10,4.092356363932292,model_10,2,6.924791734105756,67.91
,0,10,3500,APC,0.05273172140121459,0.007017055886132377,0.0388225987638746,false,100,206.2336,20,0.029944556100027903,model_20,1,8.088950149182306,68.504
,0,5,3000,APC,0.052772651416914805,0.032196681431361604,0.011714395250592913,true,20,2855.1697554285715,30,3.6824569531849454,model_30,1,3.8231411164714713,57.442
,0,15,3500,APC,0.05279519613583883,0.004767607927322388,0.0414959241549174,false,80,250.37482666666665,20,0.03080471356709798,model_20,2,9.82718701222433,68.162
,0,15,3500,APC,0.05282277003924052,0.03802391044298808,0.0078068404992421465,true,80,2856.352426666667,60,3.868449846903483,model_60,2,10.183895016435562,50.684
,0,10,4500,APC,0.052912293876920424,0.03337849347931998,0.013717220919472833,false,80,191.38267428571427,60,0.02663595335824149,model_60,1,8.751633653441033,50.684
,0,10,4500,APC,0.0531221810749599,0.03935751352991377,0.007653172935758318,true,80,2861.3456457142856,60,3.906322343008859,model_60,1,8.765008716590781,50.684
,0,30,2000,APC,0.05315683974538531,0.025796910524368288,0.01342753985949925,true,40,2871.3679725714283,50,3.7586326599121094,model_50,1,9.383664989895484,50.352
,0,10,4500,APC,0.05331141441208975,0.015820919002805436,0.03157853433064052,false,80,216.54557257142855,0,0.03423513684953962,model_0,1,8.722717576604452,71.452
,0,10,4500,APC,0.053400173766272416,0.0367503799029759,0.01056622760636466,true,80,2856.889782857143,0,4.099425826753889,model_0,1,8.7818496572735,71.452
,0,10,2500,APC,0.053510310207094465,0.0305287093435015,0.011799929482596259,true,40,2860.1566354285715,40,3.6680285590035573,model_40,1,6.880856958055213,53.616
,0,10,3000,APC,0.05364882557732718,0.0325887177331107,0.01205834286553519,true,60,2860.7698651428573,30,3.9802452496119907,model_30,1,7.595450714937856,62.19
,0,10,4000,APC,0.05368688901265462,0.007030728737513225,0.04101647440592448,false,60,227.56147199999998,10,0.030808448791503906,model_10,2,6.684781120484673,67.91
,0,10,3000,APC,0.053836379369099935,0.035828416585922236,0.010447677532831828,true,40,2871.775232,30,4.295548439025879,model_30,2,6.1534944661814555,60.932
,0,10,3000,APC,0.05385345896085103,0.01931517251332601,0.02837032167116801,false,60,179.17952,30,0.027862071990966797,model_30,2,6.565658039580036,62.19
,0,5,3500,APC,0.053990090449651085,0.011026211102803546,0.03695245448748271,false,20,223.07771733333334,20,0.027457634607950848,model_20,2,3.2320494020797845,62.106
,0,15,3000,APC,0.054057787077767504,0.03337410123007638,0.011933121851512364,true,80,2862.6955702857144,30,3.6717329025268555,model_30,1,11.158020945503731,62.956
,0,30,3500,APC,0.05415823205312093,0.00047554047902425125,0.04626337742805481,false,100,401.7834666666667,20,0.0735628604888916,model_20,2,12.344603251025454,68.504
,0,5,4500,APC,0.0543822299639384,0.016724764823913572,0.032481656551361086,false,20,208.2338133333333,0,0.03229498863220215,model_0,2,3.307645697162181,65.896
,0,10,2000,APC,0.05448873734474182,0.027493005173546924,0.012821999345506941,true,20,2862.992822857143,50,3.8891729286738803,model_50,1,5.690102930464039,46.716
,0,10,4000,APC,0.054502454980214436,0.03663533401489258,0.011221772638956707,true,100,2913.2805461333337,10,4.811310609181722,model_10,1,8.05133072342205,69.426
,0,10,2500,APC,0.05459425633294241,0.029828423840659004,0.018388947214399067,false,80,192.3879497142857,40,0.02601456642150879,model_40,1,8.551848297451983,55.54
,0,15,2000,APC,0.05495862647465297,0.029503821441105436,0.012271405764988492,true,40,2864.376100571429,50,3.8626555374690463,model_50,1,8.420887369779534,50.352
,0,10,4000,APC,0.054959328208650855,0.01107801525933402,0.03770214131900242,false,80,214.33256228571432,10,0.03222492762974331,model_10,1,8.488489195581598,68.932
,0,30,2000,APC,0.05517521902493067,0.027592090606689455,0.01349080797604152,true,60,2861.816685714286,50,3.8822603906903947,model_50,1,11.326259845652826,51.158
,0,5,4500,APC,0.055215259739330835,0.0417987379176276,0.007384418112891061,true,40,2862.917632,60,3.8017224073410034,model_60,1,4.334383100800881,49.144
,0,10,3500,APC,0.055422686610903056,0.015601959194455827,0.03325962148393904,false,80,191.44294399999998,20,0.03211597033909389,model_20,1,8.403092396938813,68.162
,0,5,3500,APC,0.05548938171068828,0.03718400001525879,0.01333292579650879,false,20,183.30419199999997,60,0.02321012814839681,model_60,2,3.310233819178119,45.18
,0,10,3500,APC,0.05549004244804382,0.038175671577453614,0.010680473168691,true,60,2864.7546879999995,20,3.945561329523722,model_20,2,6.767527262296231,67.2
,0,15,3000,APC,0.05558317144711813,0.038158805290857946,0.010137711763381957,true,100,2858.3581013333333,30,3.6219724814097085,model_30,2,9.513155375637707,63.288
,0,5,4500,APC,0.05568488730703082,0.03908202692440577,0.010442853893552508,true,40,2862.0952137142854,0,4.061872465269906,model_0,1,4.297296588784758,69.332
,0,5,4500,APC,0.05569615333730524,0.018084431626579977,0.031458396868272266,false,40,209.15814400000002,0,0.035077116706154564,model_0,1,4.260283057631005,69.332
,0,5,4500,APC,0.055916338053616614,0.035687245564027255,0.014023096561431886,false,40,190.13706472727273,60,0.02557682991027832,model_60,1,4.254157376278923,49.144
,0,10,4000,APC,0.05607163987840925,0.03845064183643886,0.010956234659467424,true,80,2854.9494491428572,10,3.7835230827331543,model_10,1,8.620166331814506,68.932
,0,5,4500,APC,0.05704414582252502,0.044585732380549116,0.007205716848373413,true,20,2853.0100906666667,40,3.735767364501953,model_40,2,3.3252420896121264,49.748
,0,5,4000,APC,0.057205902489748876,0.01417215137048201,0.036774952650070185,false,40,205.77186909090906,10,0.03475028818303889,model_10,1,4.157316863986152,66.756
,0,10,3500,APC,0.057268324375152585,0.0131067263285319,0.03803351847330729,false,60,205.312,20,0.029010534286499023,model_20,2,6.3987805405054035,67.2
,0,5,4000,APC,0.057414026975631714,0.03850714246431986,0.013893938620885213,false,20,182.464512,50,0.0243533452351888,model_50,2,3.301953940038615,46.716
,0,5,2500,APC,0.057553619254719135,0.03191590942036022,0.01884114599227905,false,40,184.46931781818182,40,0.02743478254838423,model_40,1,4.15856574985167,53.616
,0,15,2500,APC,0.05757329559326171,0.035472438914435245,0.011558016538619997,true,100,2859.555693714286,40,3.678345101220267,model_40,1,10.262957503953968,55.862
,0,5,3000,APC,0.05766109689799222,0.026350910078395497,0.024592663418162953,false,40,186.08947200000003,30,0.028204180977561256,model_30,1,4.154552919917537,60.932
,0,10,4000,APC,0.05794843204816182,0.03877373186747233,0.013998734474182128,false,100,178.286592,50,0.024701674779256184,model_50,2,7.425134248767477,52.182
,0,10,4500,APC,0.05798615940411885,0.04504323371251425,0.0075602232615152995,true,100,2855.9250773333333,40,3.9566899140675864,model_40,2,7.48817404773403,55.862
,0,5,3500,APC,0.058164920416745265,0.019511294971812854,0.03205597110228105,false,40,190.52395054545457,20,0.032496062192049896,model_20,1,4.126769944442025,65.98
,0,10,3500,APC,0.058176397641499844,0.04347315613428752,0.007871244827906292,true,60,2848.088064,60,3.9020405610402427,model_60,2,6.701148553683301,50.11
,0,10,4500,APC,0.058334228992462156,0.019720426877339683,0.03334531736373902,false,100,207.37092266666664,0,0.03182133038838705,model_0,2,7.432208576941737,71.878
,0,5,4000,APC,0.05850707046190898,0.014353572686513265,0.03851855778694153,false,20,213.92861866666667,10,0.030976374944051106,model_10,2,3.132954487457941,63.254
,0,10,4500,APC,0.05853551864624024,0.0437527088324229,0.009617882887522378,true,100,2861.7605119999994,0,4.004299640655518,model_0,2,7.543196914958103,71.878
,0,5,4000,APC,0.05855000897816249,0.0407184020962034,0.010890818187168664,true,40,2865.3743542857146,10,4.141444955553327,model_10,1,4.226230605720148,66.756
,0,15,3000,APC,0.05883914311726888,0.04108871698379516,0.010636451562245686,true,80,2850.4391680000003,30,3.2813523610432944,model_30,2,9.597557920311516,62.956
,0,30,2000,APC,0.05898917947496687,0.03142168848855155,0.012773230246135166,true,100,2851.564397714286,50,3.4034537247249057,model_50,1,13.19511299844885,52.182
,0,10,3500,APC,0.05918285703659057,0.03935177423159281,0.01225624073346456,true,100,2871.0420480000007,20,3.8675574461619058,model_20,1,7.740476932904274,68.504
,0,5,2500,APC,0.05970179835387639,0.03686278413023268,0.011771726506096977,true,20,2860.5662354285714,40,3.8420509781156267,model_40,1,3.5443102978079497,49.748
,0,5,3000,APC,0.05986100117365519,0.027901673634847007,0.025957857767740886,false,20,184.95761066666668,30,0.0277100404103597,model_30,2,3.1155328923485572,57.442
,0,10,4000,APC,0.05997907066345215,0.04430001107851664,0.00990730388959249,true,100,2854.5556479999996,10,3.344555695851644,model_10,2,7.380858944213277,69.426
,0,10,3000,APC,0.06013796714373997,0.02009422717775617,0.03272857339041573,false,80,225.96871314285718,30,0.027731963566371372,model_30,1,8.380956476036511,62.956
,0,5,4500,APC,0.06058305247624715,0.04281265234947204,0.01287628149986267,false,20,177.87835733333335,40,0.024569590886433918,model_40,2,3.2529147418871425,49.748
,0,30,2000,APC,0.06084908199310302,0.03479400372505188,0.012454883098602295,true,80,2866.8360411428575,50,3.7310172149113248,model_50,1,14.2914884563377,51.87
,0,10,2500,APC,0.060901043891906745,0.03813465877941676,0.011479860442025322,true,60,2872.402505142857,40,3.721676826477051,model_40,1,7.031790315047182,54.562
,0,10,3500,APC,0.06093624625887189,0.04092980030604771,0.012315991129193987,true,80,2860.7493851428576,20,3.7259492533547536,model_20,1,8.29864569890996,68.162
,0,15,2000,APC,0.061298105376107345,0.03509326979092189,0.012858506202697755,true,60,2868.477366857143,50,3.600712878363473,model_50,1,8.798670889297357,51.158
,0,30,2000,APC,0.06142933344841003,0.00008662492888314383,0.049160228013992315,false,20,395.0240914285714,50,0.025852578026907786,model_50,1,6.424820853684621,46.716
,0,10,3500,APC,0.06148807795842489,0.04296720878283183,0.013266467094421386,false,100,183.35880533333332,60,0.02414107322692871,model_60,2,7.309570478650623,50.92
,0,5,4500,APC,0.06163468543688457,0.0455115118821462,0.010374408562978108,true,20,2900.4049066666666,0,5.016910552978516,model_0,2,3.110683202509204,65.896
,0,10,4000,APC,0.06172623713811239,0.048693850835164386,0.007102755228678385,true,100,2854.409557333334,50,3.743431647618612,model_50,2,7.303076330651376,52.182
,0,10,3500,APC,0.06179946764310201,0.021882744471232094,0.03386940948168437,false,100,196.51652266666665,20,0.03060126304626465,model_20,2,7.086906230527707,68.504
,0,10,4500,APC,0.061800243139266964,0.04342252866427104,0.013196359395980836,false,100,182.73757866666668,40,0.026743968327840168,model_40,2,7.340849732560597,55.862
,0,15,2500,APC,0.061825313023158475,0.038205215454101556,0.01221214028767177,true,80,2864.1250742857146,40,3.7918548243386403,model_40,1,10.30847577622772,55.54
,0,15,2000,APC,0.06186557262284415,0.00010487348692757744,0.04876271758760725,false,20,396.4565211428571,50,0.026124647685459683,model_50,1,5.987017159997587,46.716
,0,10,2000,APC,0.06190521267482212,0.0001175809247153146,0.04916506351743426,false,20,375.0063542857143,50,0.025888238634381975,model_50,1,5.22448417360073,46.716
,0,5,4000,APC,0.06241840736071269,0.04650937938690186,0.010063308477401734,true,20,2922.971136,10,3.8016793727874756,model_10,2,3.160727710192402,63.254
,0,5,3500,APC,0.06276457963671003,0.04342348487036569,0.011838173985481261,true,40,2855.0152777142857,20,3.8186468737465993,model_20,1,4.1131030532522335,65.98
,0,10,4000,APC,0.06296665557225546,0.019833637555440264,0.03754686832427978,false,100,200.81049599999997,10,0.032068332036336265,model_10,2,7.13050635681644,69.426
,0,30,2000,APC,0.06298417370659966,0.00008642131941659111,0.0504550940309252,false,40,377.5499702857142,50,0.02393824713570731,model_50,1,8.77678992076757,50.352
,0,10,3000,APC,0.06303506127993265,0.0448018938700358,0.010992592334747316,true,60,2861.764608,30,3.4335620403289795,model_30,2,6.411234098632701,62.19
,0,15,2000,APC,0.0631206497805459,0.00014059921673366003,0.05010107019969395,false,40,373.8150034285714,50,0.025835343769618442,model_50,1,7.605636270469894,50.352
,0,10,2000,APC,0.06331682784216744,0.00038550492695399696,0.05045731350353786,false,40,283.32500114285716,50,0.024563278470720564,model_50,1,5.695557450299482,50.352
,0,10,2000,APC,0.06340473876680645,0.004683203288487025,0.04706486793926783,false,60,194.63021714285716,50,0.02538337026323591,model_50,1,6.241930028758643,51.158
,0,0,1000,UGS,0.06353213927745818,0.00006981413364410401,0.05059196751117706,false,100,427.3811456,40,0.1103640079498291,model_40,0,0,55.862
,0,10,4000,APC,0.06356782110532125,0.0470367120107015,0.010360290845235189,true,80,2870.317056,10,4.275333325068156,model_10,2,7.591574672782134,68.932
,0,0,1000,UGS,0.06359139318466187,0.000059429836273193364,0.05070713331699371,false,100,439.82315520000003,60,0.10397975444793701,model_60,0,0,50.92
,0,10,2000,APC,0.06360869557516916,0.014164282219750541,0.03986854658808027,false,100,182.51951542857142,50,0.0248828615461077,model_50,1,7.155539281866076,52.182
,0,10,2000,APC,0.0636446408544268,0.037494727815900526,0.012575390066419329,true,40,2860.5557028571425,50,3.73280668258667,model_50,1,6.35421235193065,50.352
,0,5,4000,APC,0.0637052567799886,0.05139779941240946,0.006622290849685669,true,20,2869.9347626666663,50,3.4147510528564453,model_50,2,3.134060522240555,46.716
,0,5,2000,APC,0.06393452609669079,0.003750787930055098,0.04866141468828375,false,20,202.69726254545455,50,0.026345448060469193,model_50,1,3.046790036628283,46.716
,0,10,4500,APC,0.06395749576886495,0.02774883929888407,0.03087375219662984,false,80,208.85504,0,0.03150622049967448,model_0,2,7.530130486342531,71.452
,0,15,2000,APC,0.06401251704352243,0.00017099922043936595,0.05143478941917419,false,60,320.82914742857145,50,0.025380611419677734,model_50,1,8.298150650174447,51.158
,0,10,3000,APC,0.06408823768297832,0.03498795485496521,0.023426221211751305,false,100,188.41600000000003,30,0.027368942896525066,model_30,2,7.10822498836863,63.288
,0,10,2000,APC,0.06426504591533115,0.020152147190911428,0.03501440729413714,false,80,185.90749257142855,50,0.025649377277919223,model_50,1,7.6844218451978055,51.87
,0,30,2000,APC,0.06437583129746574,0.00009464832714625767,0.05143722305979048,false,60,359.4555977142857,50,0.023831844329833984,model_50,1,10.642483739235859,51.158
,0,10,3000,APC,0.06494492610295614,0.03697632209459941,0.022307592471440634,false,80,180.596736,30,0.027663548787434895,model_30,2,7.4322384725942285,62.956
,0,15,2000,APC,0.06515874208722795,0.0043550565242767335,0.04925994740213667,false,80,196.65364114285714,50,0.025982890810285295,model_50,1,9.21872631344444,51.87
,0,10,3500,APC,0.06525666769345602,0.051049322764078774,0.007463526646296184,true,100,2851.054933333333,60,3.6299142837524414,model_60,2,7.084726892811034,50.92
,0,30,2000,APC,0.06546717074939183,0.00012293798582894465,0.05266581024442401,false,100,345.9920457142858,50,0.07896239416939872,model_50,1,12.407141703474315,52.182
,0,15,2000,APC,0.06571255752018519,0.001378136123929705,0.05176725401197162,false,100,236.45915428571428,50,0.0259244441986084,model_50,1,8.77004904364085,52.182
,0,10,3500,APC,0.06574884700775147,0.0483986120223999,0.010984073956807455,true,100,2864.0556373333334,20,3.4372098445892334,model_20,2,6.982583845072887,68.504
,0,30,2000,APC,0.06589147182873316,0.00018360345704214915,0.0530686320577349,false,80,335.888384,50,0.02490278652736119,model_50,1,13.40048449474414,51.87
,0,10,3000,APC,0.06589444622993469,0.04436073398590089,0.012402563683191934,true,100,2868.2720597333328,30,3.72242112159729,model_30,1,7.2506418722422366,63.288
,0,5,3500,APC,0.06643950661023458,0.0489622081120809,0.010991506497065227,true,20,2858.5615360000006,20,3.7283383210500083,model_20,2,3.0344531160847645,62.106
,0,10,4500,APC,0.06671496375401814,0.05134286753336589,0.009860211531321208,true,80,2857.357312,0,3.867630879084269,model_0,2,7.469331897178049,71.452
,0,10,4500,APC,0.06692588678995769,0.04859749778111775,0.013121880531311034,false,80,185.64983466666664,40,0.02438505490620931,model_40,2,7.431993310338498,55.54
,0,10,3000,APC,0.06704541649137225,0.04562287398747035,0.012165087904248917,true,80,2864.3924845714287,30,3.6597869055611745,model_30,1,7.828000990807416,62.956
,0,5,2000,APC,0.06710005276853387,0.02306234153834257,0.03497825813293457,false,40,180.62801454545453,50,0.027001445943659,model_50,1,3.7497483169857238,50.352
,0,5,3500,APC,0.06732102084159851,0.05372165067990622,0.0073024117946624756,true,20,2866.002602666667,60,3.6923500696818032,model_60,2,3.047426803029458,45.18
,0,5,3000,APC,0.06741245760236467,0.04595643009458269,0.01240549155644008,true,40,2855.117677714286,30,3.7755506208964755,model_30,1,3.8853902954873396,60.932
,0,10,4000,APC,0.06772945110003153,0.028501145998636884,0.03393023379643758,false,80,201.91505066666664,10,0.029608964920043945,model_10,2,7.325681857463312,68.932
,0,5,4500,APC,0.0678493468591145,0.05435365746702466,0.0074773669413157875,true,60,2857.8900845714284,60,3.860034806387765,model_60,1,4.396142165808027,50.11
,0,5,4500,APC,0.06805204275676181,0.05161477858679635,0.010355593340737478,true,60,2857.0679588571425,0,3.796339954648699,model_0,1,4.387971203933319,70.602
,0,10,3500,APC,0.06884108320871989,0.03301644436518351,0.030174196402231856,false,80,195.035136,20,0.030077457427978516,model_20,2,7.284720647093773,68.162
,0,10,4000,APC,0.0692486057281494,0.05013052574793498,0.013836191972096762,false,80,185.61023999999998,50,0.02475730578104655,model_50,2,7.34608104288552,51.87
,0,10,3500,APC,0.06926708467801411,0.050971444527308146,0.013079911152521771,false,80,189.44273066666665,60,0.02355217933654785,model_60,2,7.353896030445971,50.684
,0,10,4500,APC,0.06930151629447938,0.05682933926582336,0.007169249852498373,true,80,2854.054570666667,40,3.7167507807413735,model_40,2,7.454991424826673,55.54
,0,10,3000,APC,0.06930786776542663,0.050042673667271935,0.011010065396626792,true,100,2851.2337920000004,30,3.340105930964152,model_30,2,6.731806134823619,63.288
,0,10,4000,APC,0.06934302186965942,0.056834805727005,0.00668304705619812,true,80,2861.338624,50,3.728480656941732,model_50,2,7.276503481022458,51.87
,0,5,4000,APC,0.06934625467387114,0.032015790635889226,0.03099499594081532,false,60,205.4475403636363,10,0.03457032550464977,model_10,1,4.311625063792699,67.91
,0,5,4500,APC,0.06942194006659769,0.03390738300843672,0.029066681623458865,false,60,218.9192843636364,0,0.035206512971357865,model_0,1,4.312553889896443,70.602
,0,15,2000,APC,0.0695877844606127,0.04433326043401446,0.011645932299750191,true,100,2852.4684434285714,50,3.6625817843845914,model_50,1,9.40991866601729,52.182
,0,5,3500,APC,0.06969933511994103,0.03620964652841741,0.02699620695547624,false,60,200.87417018181816,20,0.03273018923672763,model_20,1,4.290467792838195,67.2
,0,5,4500,APC,0.06977633679996836,0.04908007287979126,0.014213198856873945,false,60,179.32213527272728,60,0.026824821125377308,model_60,1,4.3058859077834235,50.11
,0,5,3000,APC,0.07007327274842697,0.04248122689940713,0.021028861024162987,false,60,194.8787432727273,30,0.02774236418984153,model_30,1,4.275442198919648,62.19
,0,5,2500,APC,0.0703153344934637,0.046680580572648483,0.016873740304600107,false,60,182.99624727272732,40,0.027876442128961735,model_40,1,4.273854181649602,54.562
,0,5,4000,APC,0.07084639624186924,0.053128130231584816,0.01115488817010607,true,60,2859.7142674285715,10,3.6897886310304915,model_10,1,4.304262183197627,67.91
,0,10,3500,APC,0.07234782965977986,0.053927122036616,0.011268182516098022,true,80,2875.8944426666662,20,3.952988942464193,model_20,2,7.065115610770158,68.162
,0,5,3000,APC,0.07288984139760335,0.05437107054392496,0.010793335437774658,true,20,2855.018496,30,4.2303047974904375,model_30,2,2.88977467056912,57.442
,0,5,2000,APC,0.07340904717785972,0.04777566576004028,0.012283468706267222,true,20,2868.2681782857144,50,3.852571419307164,model_50,1,3.4006297048780345,46.716
,0,10,3500,APC,0.07376831452051798,0.05927249121665954,0.00774825652440389,true,80,2875.482112,60,3.823996384938558,model_60,2,6.9846470417761095,50.684
,0,5,2000,APC,0.07379175918752498,0.03948591685295105,0.02633205153725364,false,60,181.25805381818182,50,0.027128219604492188,model_50,1,4.126881431086595,51.158
,0,10,2000,APC,0.07395926696913584,0.04927308610507421,0.011128121205738613,true,60,2853.2367359999994,50,4.061613389423916,model_50,1,6.655883994707489,51.158
,0,15,2000,APC,0.07514172441618783,0.050028206041881025,0.011232024703707015,true,80,2866.6762971428575,50,3.990131446293422,model_50,1,9.311876810098738,51.87
,0,5,3500,APC,0.07549215260573797,0.05583841393675123,0.011791751844542368,true,60,2855.6036388571433,20,3.8728361981255666,model_20,1,4.186181781397883,67.2
,0,10,2500,APC,0.0758857567469279,0.05214653313954672,0.011982604297002156,true,100,2857.311709866667,40,3.977113660176595,model_40,1,6.743684869234581,55.862
,0,0,1000,UGS,0.07604768862724304,0.000058829736709594725,0.06316588158607482,false,100,434.4406016,50,0.11412549018859863,model_50,0,0,52.182
,0,5,3500,APC,0.07740277671813965,0.0632293430964152,0.007608776569366455,true,40,2867.385685333333,60,3.681391477584839,model_60,2,3.437285310103545,49.144
,0,5,4000,APC,0.07781075477600098,0.058881847858428954,0.013614412307739257,false,40,182.23923200000002,50,0.024983644485473633,model_50,2,3.4497015815967784,50.352
,0,10,2500,APC,0.07830325031280518,0.054758851357868746,0.011785894189562118,true,80,2856.752274285714,40,3.6942149911608015,model_40,1,7.256965085067483,55.54
,0,5,2500,APC,0.07899641914027078,0.0556817158460617,0.011431903924260819,true,40,2851.382710857143,40,3.7683462415422713,model_40,1,3.6901354678393,53.616
,0,10,3000,APC,0.08144460717837015,0.0623252014319102,0.011133389870325723,true,80,2860.924928,30,4.2312681674957275,model_30,2,6.678121651640315,62.956
,0,5,4500,APC,0.08181070288022359,0.066581183274587,0.009727167924245198,true,40,2877.927424,0,3.7858388423919678,model_0,2,3.4013316609966187,69.332
,0,5,3000,APC,0.08200603260312762,0.06154921628747667,0.011770068321909221,true,60,2858.620635428572,30,3.893492681639535,model_30,1,4.006198347111304,62.19
,0,5,4000,APC,0.0833220857779185,0.06761698134740193,0.009935226202011108,true,40,2864.4706986666665,10,4.028440475463867,model_10,2,3.3049997374800437,66.756
,0,5,3500,APC,0.0835684564113617,0.06577923186620077,0.012665888388951621,false,40,182.74850133333334,60,0.02427021662394206,model_60,2,3.361323793346919,49.144
,0,5,4000,APC,0.0839371994336446,0.047341449499130245,0.031130749384562173,false,40,193.57559466666666,10,0.029890696207682293,model_10,2,3.3293428095578563,66.756
,0,5,4000,APC,0.08399636554718017,0.07096861545244852,0.007050084670384725,true,40,2865.225728,50,4.156585852305095,model_50,2,3.365325614795878,50.352
,0,5,4500,APC,0.08402538506189983,0.05034445707003276,0.028354610204696654,false,40,210.87982933333333,0,0.03287959098815918,model_0,2,3.3438204608344315,69.332
,0,5,4500,APC,0.08402707808358327,0.07020853223119464,0.0074971427406583515,true,100,2858.5270125714283,60,3.7905979326793124,model_60,1,4.4490151051966365,50.92
,0,5,4500,APC,0.08419222863515219,0.07160548877716064,0.0072811048030853275,true,40,2863.700650666666,40,3.6564953327178955,model_40,2,3.3844156988980316,53.616
,0,5,4000,APC,0.08480887501580377,0.04943814434323993,0.029114831924438478,false,100,201.043968,10,0.07334598473140172,model_10,1,4.398545247395443,69.426
,0,5,3000,APC,0.08495965814590455,0.059366280237833656,0.02003583812713623,false,40,180.81928533333334,30,0.025557676951090496,model_30,2,3.2935592027274327,60.932
,0,5,4500,APC,0.0851119532074247,0.05066627321924482,0.028034909708159313,false,100,209.7573302857143,0,0.047990424292428155,model_0,1,4.3941969326358805,71.878
,0,5,4500,APC,0.085234983364741,0.06733698662122091,0.012757192452748617,false,40,185.41226666666668,40,0.023925145467122395,model_40,2,3.3480945514975162,53.616
,0,5,3500,APC,0.0852652190753392,0.05328355959483555,0.025601601328168595,false,100,191.49355885714286,20,0.07668820449284144,model_20,1,4.3918310992535,68.504
,0,5,3000,APC,0.0853262838465827,0.05910986168043954,0.01969528555870056,false,100,193.294336,30,0.062042525836399624,model_30,1,4.380415902782214,63.288
,0,5,2500,APC,0.0853755691902978,0.06349935974393571,0.01539688277244568,false,100,182.08182857142856,40,0.06431848662240165,model_40,1,4.375165452584861,55.862
,0,5,3500,APC,0.08554188656806945,0.05242227959632873,0.027590181986490884,false,40,198.15765333333334,20,0.027570327123006184,model_20,2,3.31030797151211,65.98
,0,5,4000,APC,0.08650130430857339,0.06764150818188985,0.013527091185251873,false,60,182.56145066666667,50,0.025248050689697266,model_50,2,3.6954292470765284,51.158
,0,5,4500,APC,0.08658436010100624,0.06589304128560153,0.014111809036948463,false,100,189.9348712727273,60,0.06771386753429066,model_60,1,4.3494352990683955,50.92
,0,0,1000,UGS,0.08687456569671631,0.00006398212909698486,0.07394422113895417,false,100,441.5868928,30,0.10308854579925537,model_30,0,0,63.288
,0,5,4000,APC,0.08723856607505254,0.0695899110010692,0.010858202883175442,true,100,2861.5779474285714,10,3.6830110379627774,model_10,1,4.370416293655966,69.426
,0,5,2000,APC,0.08788323929093102,0.059143744295293635,0.02139721064134078,false,100,197.20192,50,0.07062138210643422,model_50,1,4.294885184813262,52.182
,0,10,2000,APC,0.09066315038998922,0.0686153512954712,0.01026328763961792,true,100,2868.985856,50,3.8478565851847333,model_50,1,6.518346863486257,52.182
,0,5,4500,APC,0.09080036667260255,0.07424590543183414,0.010463483236052772,true,100,2861.3663650909093,0,4.034890283237804,model_0,1,4.281914992277252,71.878
,0,5,3500,APC,0.09135075717312949,0.0725320156642369,0.011386780909129552,true,100,2863.6192182857144,20,3.7890729904174805,model_20,1,4.273355676785354,68.504
,0,5,3500,APC,0.09246230777104696,0.07429020627339682,0.011253279129664104,true,40,2867.1303679999996,20,3.7663230101267495,model_20,2,3.085288873952709,65.98
,0,10,2000,APC,0.09264272223200118,0.07235836727278573,0.00957918109212603,true,80,2851.280603428572,50,3.8964851583753313,model_50,1,7.1619302995941485,51.87
,0,5,2500,APC,0.09267226343495505,0.07268258711269925,0.009961230039596555,true,60,2857.267785142857,40,3.788157037326268,model_40,1,3.858668318246237,54.562
,0,5,4500,APC,0.0929189600944519,0.07930971009390696,0.007485756141798837,true,80,2859.728310857143,60,3.7944626126970564,model_60,1,4.4940163615132915,50.684
,0,5,4500,APC,0.09294094038009645,0.07643179891790663,0.010376918418066842,true,80,2857.959716571429,0,3.787618466785976,model_0,1,4.491632833490015,71.452
,0,5,2000,APC,0.093061181477138,0.07234464737347195,0.009436338441712516,true,40,2854.911122285714,50,3.636750102043152,model_50,1,3.6467867535500624,50.352
,0,5,4000,APC,0.0957191540002823,0.07778717465060099,0.011102090716362001,true,80,2857.191716571429,10,3.9052888665880476,model_10,1,4.42327910408413,68.932
,0,5,3500,APC,0.09577948299321261,0.06327981643243269,0.02576606490395286,false,80,204.77542400000002,20,0.03252378377047452,model_20,1,4.399954384782594,68.162
,0,5,4000,APC,0.09578918673775413,0.05973867271163247,0.029423173817721283,false,80,203.2710749090909,10,0.03465658968145197,model_10,1,4.3951275273639165,68.932
,0,5,4500,APC,0.09587665547024118,0.0605268774249337,0.02844130301475525,false,80,212.96481745454545,0,0.035178574648770417,model_0,1,4.393429283255051,71.452
,0,5,3000,APC,0.09607251236655495,0.06914638694849881,0.020064495021646672,false,80,193.3375301818182,30,0.028875415975397282,model_30,1,4.390727064844909,62.956
,0,5,4500,APC,0.09621046996116639,0.07547284158793362,0.014113479787653142,false,80,181.0778298181818,60,0.02644590897993608,model_60,1,4.384683726311762,50.684
,0,5,2500,APC,0.09640206594900652,0.07405180250514637,0.015444555586034601,false,80,194.13550545454547,40,0.02657398310574618,model_40,1,4.369839749960295,55.54
,0,5,3000,APC,0.09686160246531168,0.07866412965456644,0.010528731028238932,true,40,2863.868586666667,30,3.352139393488566,model_30,2,3.0633099483827775,60.932
,0,5,2000,APC,0.09732637336037375,0.0700522551319816,0.02013969501582059,false,80,185.286656,50,0.02585866234519265,model_50,1,4.337391470706752,51.87
,0,5,3000,APC,0.09751244982651304,0.07932089163575853,0.010482477937425886,true,100,2854.316032,30,3.896346024104527,model_30,1,4.201754999860694,63.288
,0,5,3500,APC,0.1004310234955379,0.0817303569316864,0.01111449076448168,true,80,2859.149897142857,20,3.969077297619411,model_20,1,4.334721255044836,68.162
,0,5,2000,APC,0.10124296375683377,0.08478570292677197,0.008229407446725028,true,60,2863.362925714285,50,3.8006894418171475,model_50,1,3.8051875820233536,51.158
,0,5,4500,APC,0.10184933511416117,0.08910987830162048,0.007263698736826579,true,60,2858.76224,40,3.978255271911621,model_40,2,3.471820117410155,54.562
,0,5,4500,APC,0.1030856742064158,0.08805494054158529,0.009657002607981365,true,60,2864.0720213333334,0,3.750638405481974,model_0,2,3.4532046109052508,70.602
,0,5,2500,APC,0.10389338110174451,0.08699575771604263,0.008893453087125506,true,100,2855.051849142857,40,3.874063287462507,model_40,1,4.1053052007193465,55.862
,0,0,1000,UGS,0.10450217666625976,0.00007751798629760743,0.091593164229393,false,100,448.5967872,20,0.14401466846466066,model_20,0,0,68.504
,0,5,3000,APC,0.10497343654291971,0.08750863839898791,0.010070227691105433,true,80,2858.9547520000006,30,3.809625114713396,model_30,1,4.267634447425498,62.956
,0,5,3000,APC,0.10646064535776774,0.08171799294153849,0.019138888438542685,false,60,189.22837333333334,30,0.026131470998128254,model_30,2,3.379259581626027,62.19
,0,5,4000,APC,0.10655457369486492,0.07240325236320495,0.02870176060994466,false,60,209.2946773333333,10,0.029511213302612305,model_10,2,3.3747388980442103,67.91
,0,5,3500,APC,0.10814717793464661,0.07741991098721822,0.025039763927459716,false,60,194.94502400000002,20,0.029488086700439453,model_20,2,3.3462215684773913,67.2
,0,5,4500,APC,0.10823456652959189,0.07421279470125834,0.02831501992543538,false,60,206.01105066666665,0,0.033421595891316734,model_0,2,3.354555980006381,70.602
,0,5,2000,APC,0.10887920107160294,0.09311029367787496,0.008386576550347465,true,100,2862.1051611428566,50,3.871602875845773,model_50,1,4.016975094476195,52.182
,0,5,3500,APC,0.10896168939272562,0.09440087962150574,0.007630350192387899,true,60,2866.7098453333333,60,4.054964383443196,model_60,2,3.3211175584358266,50.11
,0,5,2500,APC,0.10919617916856494,0.09246128599984303,0.009102359976087299,true,80,2860.1422994285717,40,3.7108353887285506,model_40,1,4.187615414895092,55.54
,0,5,4000,APC,0.11032818269729615,0.09456516853968304,0.010109514474868775,true,60,2868.4943359999997,10,3.520540396372477,model_10,2,3.301724835594282,67.91
,0,5,4000,APC,0.1130947823524475,0.1006039297580719,0.006739449262619018,true,60,2854.312618666667,50,3.6434667110443115,model_50,2,3.291360713650775,51.158
,0,5,4000,APC,0.11319615077972411,0.07884062306086222,0.028763652006785077,false,100,200.05956266666666,10,0.03316601117451986,model_10,2,3.653681427963378,69.426
,0,5,3500,APC,0.1136151884396871,0.07775832764307657,0.029586727539698283,false,100,202.00925866666668,20,0.02873857816060384,model_20,2,3.593093938875116,68.504
,0,5,4500,APC,0.11376733072598776,0.09536909969647726,0.012964750051498414,false,60,187.40838399999998,40,0.02523152033487956,model_40,2,3.2817581901575608,54.562
,0,5,2000,APC,0.11477337908744813,0.09793967824322837,0.008579481448446002,true,80,2865.946331428571,50,3.906904407909938,model_50,1,4.113085163592711,51.87
,0,5,3500,APC,0.11601473784446716,0.09744285496075948,0.013041001796722412,false,60,181.94295466666665,60,0.02253564198811849,model_60,2,3.25538270066054,50.11
,0,5,3500,APC,0.11662113006909687,0.0993607289791107,0.010613332748413086,true,60,2866.6170026666664,20,3.775594711303711,model_20,2,3.2015286969338863,67.2
,0,5,3000,APC,0.12143153619766235,0.10344317905108134,0.010104285478591919,true,60,2910.777344,30,3.7235907713572183,model_30,2,3.1200709685499546,62.19
,0,0,1000,UGS,0.12330465102195741,0.00014646996392144097,0.10985864986313715,false,100,460.88920177777777,0,0.15043605698479545,model_0,0,0,71.878
,0,5,4000,APC,0.12435895864168804,0.10516106375058491,0.013647804816563925,false,80,191.01422933333333,50,0.024899403254191082,model_50,2,3.7047851914491954,51.87
,0,5,4000,APC,0.12998494990666706,0.09535470096270245,0.028855591217676797,false,80,201.85361066666667,10,0.03144550323486328,model_10,2,3.6356535452987657,68.932
,0,5,4000,APC,0.13067576821645102,0.1150560610294342,0.009930351177851357,true,80,2854.5201493333334,10,3.6812398433685303,model_10,2,3.7155396887700713,68.932
,0,5,4500,APC,0.1310481588045756,0.11831938600540161,0.007396440188090006,true,100,2868.6991359999997,40,3.7126475175221763,model_40,2,3.410604535469055,55.862
,0,5,4500,APC,0.1324874726931254,0.10838092692693076,0.01797436475753784,false,100,184.393728,40,0.023670196533203125,model_40,2,3.2728370424817346,55.862
,0,5,4000,APC,0.13265937757492066,0.11984581867853801,0.006792943716049195,true,100,2868.562602666667,50,3.7188470363616943,model_50,2,3.3851431289313827,52.182
,0,5,4500,APC,0.13317627596855164,0.11807929897308349,0.009748491525650023,true,100,2859.323392,0,3.627562681833903,model_0,2,3.396970651198133,71.878
,0,5,4000,APC,0.13421505324045815,0.11808920582135518,0.00998063802719116,true,100,2856.6964906666667,10,4.052621444066365,model_10,2,3.3523255186691387,69.426
,0,5,3500,APC,0.1360374577045441,0.12155824907620749,0.007569178183873495,true,100,2876.852906666667,60,3.9789865016937256,model_60,2,3.349899665587578,50.92
,0,5,4000,APC,0.1362624338467916,0.11691517917315164,0.013674180825551352,false,100,184.619008,50,0.025360902150472004,model_50,2,3.3019763468693646,52.182
,0,0,1000,UGS,0.13765291502475735,0.00007997756004333496,0.12498253898620604,false,100,464.73093119999993,10,0.15452942848205567,model_10,0,0,69.426
,0,5,3500,APC,0.14002846431732177,0.1228878412246704,0.010669275442759196,true,100,2858.3621973333334,20,3.4857230981191,model_20,2,3.2762047283241604,68.504
,0,5,3500,APC,0.1403963898817698,0.12199341146151226,0.012802645683288575,false,100,185.74267733333332,60,0.023701032002766926,model_60,2,3.2605416156436196,50.92
,0,5,4500,APC,0.14048699752489724,0.10403491202990213,0.030306639432907106,false,100,206.15168000000003,0,0.031079451243082683,model_0,2,3.207975220841299,71.878
,0,5,3000,APC,0.14184197131792706,0.11402995212872824,0.02145977751413981,false,100,188.08968533333334,30,0.024846951166788738,model_30,2,3.199448462833404,63.288
,0,5,3000,APC,0.1440813262462616,0.1279185684521993,0.00931892458597819,true,100,2861.202090666666,30,3.61978546778361,model_30,2,3.225257544778321,63.288
,0,5,4000,APC,0.14739487107594806,0.13454637471834818,0.006780298153559366,true,80,2856.154453333333,50,3.660398006439209,model_50,2,3.4011817602780834,51.87
,0,5,4500,APC,0.14912890442212423,0.13644433538118997,0.00705494745572408,true,80,2869.8719573333333,40,3.9359163443247476,model_40,2,3.4032759463570623,55.54
,0,5,4500,APC,0.14948215715090432,0.1349205943743388,0.009261544068654377,true,80,2853.8456746666666,0,4.208901484807332,model_0,2,3.434339955237163,71.452
,0,5,3000,APC,0.15191535894076028,0.12787555225690206,0.018294535636901855,false,80,189.43044266666666,30,0.026538372039794922,model_30,2,3.3248236408395453,62.956
,0,5,3500,APC,0.15394816748301188,0.13535326329867045,0.01297133247057597,false,80,187.11483733333333,60,0.022130489349365234,model_60,2,3.3190371061993993,50.684
,0,5,4500,APC,0.15518113112449647,0.13613231031099957,0.013159129540125528,false,80,183.3437866666667,40,0.023379007975260418,model_40,2,3.2772951822607452,55.54
,0,5,3500,APC,0.15660615213712056,0.12531810172398886,0.025210089921951295,false,80,196.48238933333332,20,0.03263537089029948,model_20,2,3.247696594445081,68.162
,0,5,3500,APC,0.157094309091568,0.1396336415608724,0.010573940277099611,true,80,2867.765248,20,3.3384753863016763,model_20,2,3.2781056106831947,68.162
,0,5,3500,APC,0.15930806533495587,0.1456716543038686,0.00709403109550476,true,80,2870.1354666666666,60,3.97989288965861,model_60,2,3.2544940447451367,50.684
,0,5,4500,APC,0.16065113766988118,0.12572400212287904,0.028966802994410196,false,80,208.62293333333332,0,0.03495868047078451,model_0,2,3.205351452434297,71.452
,0,5,3000,APC,0.16146730391184488,0.14498848621050517,0.009447860717773437,true,80,2867.2805546666664,30,3.684502045313517,model_30,2,3.2108511294545665,62.956
